BHP.PX,CSL.PX,RIO.PX,CBA.PX,WOW.PX,WES.PX,TLS.PX,AMC.PX,BXB.PX,FPH.PX
28.1285,91.6,55.85,92.7032,29.48,31.2886,6.29,14.06,11.5,6.4
28.9976,92.12,57.23,93.0019,29.49,31.6049,6.31,14.04,11.52,6.44
28.3528,92.63,56.41,92.9223,29.2,31.3101,6.33,14.02,11.48,6.38
28.2406,93.32,55.78,93.9977,28.99,31.2814,6.32,14.18,11.54,6.43
28.2406,93.32,55.78,93.9977,28.99,31.2814,6.32,14.18,11.54,6.43
28.2406,93.32,55.78,93.9977,28.99,31.2814,6.32,14.18,11.54,6.43
28.4556,93.6,56.15,93.8085,28.99,31.3173,6.33,14.27,11.8,6.5
28.7266,94.9,57,93.5994,29.05,31.5258,6.32,14.3,11.89,6.62
28.2126,94.26,56.58,93.45,29.05,31.4324,6.27,14.26,11.79,6.7
28.1659,95.11,56.89,93.7288,29.56,31.9212,6.28,14.32,11.79,6.78
27.493,95.7,55.3,93.6989,29.65,31.7918,6.32,14.42,11.68,6.79
27.2127,95.62,54.96,93.4002,29.21,31.4899,6.28,14.68,11.74,6.78
27.5771,95.4,55.83,92.046,29,31.1663,6.19,14.45,11.84,6.9
28.25,94.83,55.87,92.6136,29,31.3533,6.23,14.51,11.8,6.86
28.007,94.06,55.09,91.6876,28.53,30.9147,6.14,14.4,11.57,6.86
27.8668,93,54.66,90.9408,28.05,30.5624,6.17,14.3,11.31,6.71
28.5958,92.81,55.5,91.3888,28.36,30.7278,6.19,14.32,11.04,6.7
28.2874,92.6,55.2,90.7316,28.26,30.5193,6.25,14.23,10.87,6.61
29.0256,93.82,56.3,90.3334,28.1,30.2892,6.26,14.07,10.84,6.42
29.9508,95.21,57.79,91.7075,28.91,30.6487,6.32,14.25,11.04,6.38
30.4367,95.28,59.77,92.3248,29.23,31.0369,6.39,14.04,10.97,6.48
30.2965,93.73,58.79,92.1854,29.8,31.0226,6.37,13.9,10.94,6.29
29.9414,91,57.71,90.184,29.22,30.9147,6.32,13.54,10.79,6.23
29.876,90.98,57.15,88.4912,29.48,31.4252,6.23,13.53,10.83,6.2
30.3713,90.01,58.29,88.541,29,31.3748,6.24,13.55,10.98,6.39
31.1656,91.25,59.9,87.6349,29.6,31.8493,6.31,13.78,11.14,6.44
30.4274,91.53,59.48,87.7643,29.63,32.0507,6.38,13.71,10.92,6.45
30.2311,90.08,59.12,82.6263,28.14,31.8853,6.23,13.52,10.83,6.22
29.8013,90.01,58.54,82.7558,27.57,31.4899,6.15,13.45,10.75,6.11
29.2499,89.66,58.43,82.2878,27.38,31.4467,6.17,13.48,10.92,6.08
29.7358,89.13,58.62,81.8198,27.14,31.1663,6.05,13.57,10.94,6.09
30.3993,88.39,59.25,82.5268,27.77,31.2742,6.11,13.69,11.06,5.9
30.3713,88.45,59.02,83.6221,28.5,31.7415,6.15,13.54,11.03,5.9
29.876,88,57.7,83.2636,28.58,32.0435,6.15,13.74,11.13,5.8
30.362,89.36,58.1,84.3888,29,32.331,6.2,14,11.15,5.91
30.13,88.18,57.45,82.6463,28.85,31.9931,6.18,13.9,10.95,5.81
29.63,88.5,57.45,82.4969,28.1,31.4252,6.13,13.86,10.86,5.79
28.82,89.68,56.03,82.1384,28.15,31.2239,6.13,14.04,10.91,5.77
29.24,91.64,56.9,83.2039,28.36,31.1735,6.18,14.19,11.17,5.8
29.25,91.12,56.75,82.7558,28.18,31.152,6.2,13.99,11.27,5.92
29.48,92.8,57.63,83.642,28.48,31.5618,6.28,14.24,11.43,6.04
29.82,93.5,58.29,84.2793,28.53,31.6912,6.29,14.29,11.43,5.94
29.34,92.42,57.31,83.7714,27.94,31.2023,6.21,14.32,11.45,5.96
29.2,92.6,57.65,83.1441,28.01,31.3461,6.15,14.47,11.37,5.94
29.59,93.5,58.2,84.7273,28,31.3892,6.22,14.5,11.44,6.12
29.19,93.34,57.42,84.1199,27.7,30.8644,6.2,14.51,11.34,6.17
28.33,93.05,56.49,82.6463,27.51,30.469,6.14,14.32,11.12,6.15
28.53,91.5,57.5,81.2223,27.36,30.282,6.09,14.11,11,6.23
28.09,90.08,56.74,80.1967,27.1,29.8003,6,14.14,10.94,6.39
27.9,90.97,57.02,79.9478,27.25,30.0664,6.01,14.14,10.92,6.46
27.9,90.97,57.02,79.9478,27.25,30.0664,6.01,14.14,10.92,6.46
27.6,90.41,56.37,79.4798,27.11,29.6781,6.02,14.08,10.89,6.4
27.66,89.17,56.07,79.5694,27.43,29.8722,5.96,14.1,10.89,6.4
28.23,89.02,57.48,81.063,27.08,29.7788,6.04,14.3,10.97,6.34
27.9,89.3,57.14,81.073,26.93,29.6997,6.03,14.41,10.92,6.48
27.92,89.03,57.29,81.541,26.76,29.5559,5.99,14.63,10.88,6.41
27.75,88.2,55.91,82.0289,26.84,29.7069,6.03,14.37,10.88,6.42
28.17,87.2,56.03,83.9009,26.8,29.7644,6.12,14.55,10.9,6.33
27.97,85.97,54.95,82.8454,26.6,28.9017,6.09,14.31,10.64,6.22
28.41,87.4,55.55,84.11,27.3,28.9017,6.13,14.3,10.84,6.18
28.32,87.54,55.8,84.6576,26.86,28.952,6.18,14.25,10.82,6.2
28.61,89.47,56.34,86.3902,26.85,29.103,6.28,14.36,11.01,6.22
28.55,89.93,55.67,86.8184,26.7,29.0814,6.34,14.55,10.9,6.16
28.51,88.86,55.63,86.918,26.38,28.6932,6.29,14.16,10.56,6.17
27.5,87.77,54.08,86.2807,27.39,28.384,6.2,13.74,10.53,6.2
26.95,85.85,53.29,84.3291,26.99,27.8304,6.07,13.65,10.5,6.15
27.05,86.47,53.75,84.7672,26.96,28.0605,6.14,13.72,10.6,6.09
26.65,88.55,53.01,85.6534,27.08,28.2187,6.15,13.73,10.73,6.19
27,89.86,53.03,87.0773,27.8,28.7291,6.19,13.78,10.95,6.38
26.59,88.14,52.5,86.2907,27.63,28.5781,6.13,13.6,10.8,6.34
26.01,86.95,51.16,85.9322,27.14,28.3337,6.12,13.44,10.66,6.3
26.25,89,51.74,87.3163,27.4,29.0095,6.27,13.73,10.9,6.34
25.43,88.58,50.06,85.4044,27.32,28.5566,6.16,13.62,10.65,6.41
25.88,88.45,50.89,85.2352,26.83,28.6932,6.18,13.66,10.72,6.37
26.65,88.06,52.07,85.4244,26.92,28.6716,6.21,13.6,10.77,6.34
26.41,89.45,51.53,84.817,27.12,28.5206,6.23,13.48,10.73,6.34
27.1,92.2,53.07,85.8824,27.72,29.1533,6.32,13.83,10.92,6.4
26.9,94.27,53.12,86.7487,28.3,29.8938,6.38,14.21,11.2,6.45
27.08,93.85,53.31,87.5851,28.18,30.0088,6.46,14.4,11.22,6.39
27.1,93.9,53.01,87.605,28.5,30.016,6.42,14.36,11.2,6.34
26.99,95.48,53.87,87.9834,28.58,30.1383,6.42,14.65,11.37,6.55
26.82,96.25,53.38,87.7245,28.76,30.3539,6.43,14.63,11.25,6.64
26.27,94.62,52.18,86.2608,28.3,29.9657,6.34,14.38,11.08,6.74
25.5,94.24,51.2,85.9322,28.08,29.9082,6.35,14.3,11.02,6.87
25.27,93.7,51.2,85.4443,27.85,29.6925,6.36,14.36,10.98,6.85
25.52,94.65,51.19,85.7231,27.83,29.7069,6.39,14.18,10.97,6.9
25.37,96.17,51.28,85.982,27.77,29.75,6.39,14.29,10.78,6.89
25.89,97.7,51.78,86.2309,27.82,29.9729,6.41,14.39,10.83,6.96
26.5,96.35,53,86.7089,28.63,30.4402,6.45,14.28,10.83,6.75
26.45,98.96,52.86,87.1868,28.6,30.5193,6.49,14.41,10.88,6.78
26.18,98.83,52.2,86.9976,28.6,30.4905,6.44,14.31,10.88,6.78
25.9,100.77,52.02,87.6548,28.72,30.965,6.5,14.36,10.91,6.64
26.49,100.21,52.98,86.9976,28.52,30.7565,6.43,14.25,10.83,6.79
26.69,98.45,53.55,84.1896,28.12,30.5409,6.4,14.15,10.54,6.9
25.93,96.84,53.27,80.9535,27.73,30.1454,6.29,13.91,10.49,6.8
26,96.95,53.74,81.7899,27.85,29.786,6.33,13.83,10.55,6.85
26.34,95.11,54.6,81.77,27.67,29.8722,6.31,13.6,10.09,6.68
25.2,93,51.65,81.77,26.9,29.5128,6.24,13.41,10.18,6.75
25.51,92.92,51.96,81.77,27,29.369,6.1,13.39,10.15,6.79
25.32,93.15,51.13,81.77,27,29.0311,6.08,13.37,10.21,6.71
25.2,93.87,50.89,81.27,26.9,28.65,6.09,13.42,10.12,6.7
24.98,93.49,50.59,76.91,26.76,28.5134,6.12,13.47,10.18,6.73
25.16,93.13,50.65,78.27,27.24,29.0311,6.21,13.64,10.33,6.68
24.38,92,49.41,76.15,26.57,29.3762,6.12,13.19,10.06,6.64
24.1,90.15,49.52,75.59,26.37,29.3402,6.07,12.83,9.98,6.6
22.89,88.29,46.97,72.47,25.29,28.7938,5.88,12.51,9.69,6.56
23.34,90.59,48.45,75.08,26.62,28.7004,5.83,13.05,9.82,6.55
23.94,90.4,48.89,76.13,26.89,28.8729,5.86,13.46,9.76,6.59
24.06,92.75,48.81,76.43,27.05,29.4984,5.9,13.5,10.05,6.65
25.49,92.62,51.1,76.36,27.4,29.8003,5.82,13.42,9.95,6.64
25.18,91.87,50.29,75.08,26.4,29.2324,5.77,13.72,9.84,6.57
24.65,89.86,49.37,73.3,25.57,28.7579,5.66,13.55,9.69,6.5
24.63,91.03,49.54,73.63,25.23,28.5781,5.65,13.56,9.9,6.6
24.32,90.02,49.27,71.97,25.26,28.3481,5.56,13.25,9.75,6.55
24.69,90.18,49.76,72.15,25.49,28.3481,5.61,13.44,9.95,6.61
24.19,90.66,49.15,72.32,25.32,28.3193,5.6,13.13,9.93,6.59
24.7,90.76,50.22,74.17,25.33,28.6069,5.68,13.27,9.95,6.73
24.65,91.95,51.51,76.72,25.32,28.8657,5.79,13.55,10,6.92
23.92,90.2,51.27,75.13,24.76,28.3409,5.62,13.32,9.72,6.85
23.71,88.93,52,75.13,24.74,28.1755,5.55,13.17,9.75,6.83
23.74,90.07,51.86,74.55,24.79,28.2402,5.54,13.09,9.79,6.77
23.43,88.96,50.74,73.42,24.67,27.9311,5.48,12.88,9.62,6.68
23.97,90.5,51.31,75.35,24.52,28.0174,5.58,12.95,9.52,6.82
24.65,90.45,52.01,75.59,24.7,28.1827,5.59,12.93,9.77,6.86
24.46,90.57,51.26,75.83,24.82,28.1827,5.65,13.06,9.87,6.78
23.85,90.2,49.78,73.62,24.5,27.7945,5.56,12.79,9.59,6.74
23.86,90.33,49.19,73.8,24.79,28.0605,5.67,12.78,9.77,6.77
22.8,89.24,47.99,71.6,24.38,27.4494,5.62,12.66,9.68,6.79
22.85,90.67,48.3,72.5,24.76,28.1396,5.72,12.96,9.88,6.86
22.93,90.42,48.95,71.44,24.89,28.1468,5.67,12.89,9.72,6.82
23.15,90.76,48.75,72.7,25.04,28.4415,5.74,13.3,10,6.77
21.61,87.8,46.52,70.15,24.23,27.55,5.49,12.89,9.7,6.53
22.22,89.2,48.6,72.72,24.84,28.1971,5.61,13.17,9.74,6.5
22.68,89.94,49.58,74.27,25.5,28.6716,5.71,13.48,10.02,6.48
22.6,88.54,48.73,73.39,25.52,28.233,5.62,13.35,9.96,6.48
23.5,90.2,49.81,74.36,25.88,28.7579,5.73,13.55,10.27,6.56
23.88,90.02,50.52,74.96,26.22,28.686,5.7,13.5,10.24,6.6
24.26,90.17,52.18,75,26.25,28.7579,5.66,13.39,10.16,6.55
25,90.95,53.18,75.37,26.43,28.5997,5.6,13.35,10.1,6.46
25.6,91.2,55.18,75.53,26.73,29.0095,5.64,13.31,10.2,6.39
25.36,88.92,54.81,74.65,26.6,28.9017,5.58,13.06,10.05,6.47
24.81,89.53,53.4,74.23,26.82,29.1749,5.53,13.2,10,6.65
24.68,89.25,53.03,74.56,26.63,28.9232,5.49,13.05,10.03,6.83
25.12,88.99,54.25,75.4,26.94,29.0023,5.44,13,10.06,6.9
25,89.3,53.69,76.55,27.15,29.0958,5.44,13.05,10.1,6.89
24.71,88.7,53.35,76.43,26.96,28.9592,5.3,13.01,10.09,6.9
23.99,90.01,52.14,75.73,26.82,29.1102,5.45,13.18,10.11,7.06
24.23,89.52,52.78,75.81,26.95,29.2611,5.47,13.37,10.06,7.14
24.1,90.2,52.66,76.39,26.79,29.4193,5.49,13.48,9.97,7.14
24.59,90.39,53.39,77.35,27.81,29.9657,5.58,13.61,10.17,7.29
24.57,90.87,53.81,77.5,27.84,29.8003,5.51,13.37,10.16,7.4
24.34,92.44,52.81,77.74,27.87,30.1454,5.52,13.4,10.2,7.42
23.78,93.31,52.07,77.64,27.37,30.1886,5.58,13.56,10.21,7.4
23.47,92.94,51.14,77.17,24.7,28.8873,5.5,13.55,10.3,7.34
23.02,93.79,50.65,76.73,24.11,28.3337,5.4,13.65,10.38,7.42
22.8,92.3,50.76,75.1,23.6,27.9742,5.3,13.49,10.37,7.55
23.02,94.2,50.61,76.46,23.9,28.1396,5.4,13.65,10.47,7.53
23.47,93.82,50.85,76.58,24,28.2546,5.33,13.41,10.46,7.44
23.28,94.18,50.15,75.85,23.78,27.9455,5.32,13.32,10.57,7.38
22.7,95.32,50.8,76.59,24.09,28.1324,5.31,13.61,10.68,7.32
21.42,95.5,49,75.58,23.5,27.8376,5.22,13.48,10.74,7.45
21.57,95.05,49.39,74.76,23.88,27.6866,5.24,13.29,10.56,7.47
20.95,96.1,49.4,76,23.97,27.9598,5.29,13.31,10.58,7.5
20.61,96.1,49.5,77.4,23.92,27.8232,5.25,13.36,10.51,7.44
20.23,95.15,48.65,75.76,23.53,26.8742,5.14,13.2,10.47,7.37
20.1,94.42,47.41,74.78,23.1,26.6442,5.16,13.06,10.3,7.29
20.37,96.18,48.1,77.07,23.4,27.054,5.29,13.4,10.53,7.38
19.81,96.44,46.8,77.84,23.13,26.9318,5.34,13.83,10.63,7.25
20.42,98.1,48.68,79.14,23.65,27.8232,5.43,13.81,10.85,7.23
20.5,98.27,48.61,79.83,23.71,28.0461,5.41,13.8,10.92,7.34
20.07,99.12,48.13,80.4,24.63,28.3409,5.46,13.85,11.17,7.37
19.71,98.77,47.42,79.64,24.05,28.1683,5.42,13.71,11.05,7.3
19.67,98.34,47.14,79,24.38,27.8089,5.36,13.62,10.8,7.21
18.94,99.9,46.49,80.22,24.02,27.701,5.41,13.8,10.96,7.25
18.77,99.65,46.23,80.12,23.76,27.55,5.4,13.75,10.9,7.45
18.09,100.11,45.91,79.43,23.67,27.3847,5.36,13.52,10.89,7.63
18.75,100.71,46.92,80.99,24.49,28.0174,5.49,13.6,11.15,7.86
18.75,100,46.55,81.76,24.11,28.1252,5.52,13.55,10.95,7.79
18.19,99.14,45.59,81.5,23.8,27.9742,5.51,13.48,11.03,7.83
17.93,98.22,44.38,80.22,24,27.7082,5.41,13.33,10.82,7.63
17.99,98.5,44.3,80.51,23.88,27.6795,5.32,13.33,10.87,7.56
17.05,98.77,42.4,80.14,23.66,27.6219,5.36,13.32,10.98,7.71
17.16,99.03,42.05,80.29,23.6,27.3128,5.31,13.35,10.78,7.73
17.48,99.2,43.06,78.9,23.37,27.1187,5.25,13.22,10.79,7.73
17.2,99.89,43.06,78.95,23.01,27.2265,5.2,13.13,10.74,7.74
16.6,99.86,42.18,77.44,22.59,26.7664,5.17,12.78,10.53,7.78
16.27,100.35,41.76,76.87,22.49,26.8167,5.23,12.83,10.66,7.88
17.18,100.89,43.02,79.09,23.26,27.8951,5.33,12.9,10.85,7.93
17.02,103.53,43.36,80.69,23.53,28.2906,5.44,13.22,11.05,8.1
16.87,103.53,42.46,81.57,23.57,28.7004,5.48,13.36,11.07,8.01
17.13,103.41,42.88,81.92,23.57,28.7938,5.44,13.1,11,7.93
16.83,104.52,42.23,81.67,23.57,28.9592,5.43,13.26,11.05,8.04
17.41,103.43,44,82.05,23.69,28.9807,5.42,13.19,11.14,7.95
18.34,103.25,45.95,83.32,24.27,29.2468,5.46,13.32,11.16,7.88
18.34,103.25,45.95,83.32,24.27,29.2468,5.46,13.32,11.16,7.88
18.34,103.25,45.95,83.32,24.27,29.2468,5.46,13.32,11.16,7.88
18.11,104.79,44.77,84.5,24.85,30.0376,5.53,13.38,11.34,8.14
18.09,106.28,44.78,85.57,25.02,30.1742,5.61,13.54,11.45,8.33
17.86,105.31,44.71,85.53,24.5,29.9154,5.61,13.44,11.57,8.36
17.86,105.31,44.71,85.53,24.5,29.9154,5.61,13.44,11.57,8.36
17.8,106.52,44.63,84.46,24.15,29.8794,5.58,13.41,11.56,8.33
17.58,104.42,44.08,83.11,23.68,29.3762,5.46,13.04,11.37,8.06
17.15,103.8,42.75,82.11,23.37,29.3546,5.4,12.95,11.24,7.99
16.33,102.84,40.7,80.41,22.7,28.7363,5.32,13.04,10.97,8.05
16.35,103.12,41.9,79.42,22.87,28.5062,5.3,13.02,10.94,7.87
15.55,102.9,40.5,78.64,22.87,28.5781,5.31,12.77,10.83,7.75
15.01,104.58,39.15,79.39,22.9,28.3696,5.37,12.76,10.87,7.84
14.77,104.54,39.55,81,23.25,28.7219,5.43,12.92,11.1,7.83
14.88,102.8,38.85,79.42,22.93,28.3265,5.37,12.69,10.75,7.97
15.07,103.28,39.51,78.88,22.66,28.269,5.33,12.59,10.65,7.86
14.63,102.69,38.69,78.39,23.65,28.8441,5.38,12.71,10.63,7.81
14.73,103.69,38.82,79.19,23.35,28.5422,5.36,13.06,10.75,7.81
14.21,105.7,37.75,77.61,23.58,28.7938,5.38,12.69,10.7,7.7
14.2,107.57,38.36,76.81,23.88,29.5847,5.52,12.97,10.87,7.75
15.26,107.24,39.65,76.56,23.89,30.0304,5.54,12.95,11,8.09
15.28,107.59,39.16,79,24.29,30.2749,5.58,13.27,11.11,8.05
15.28,107.59,39.16,79,24.29,30.2749,5.58,13.27,11.11,8.05
15.01,105.83,38.11,77.6,24.11,30.1095,5.53,12.93,11,7.89
15.1,107.14,38.93,77.83,24.48,30.1598,5.59,13.16,11.09,7.93
15.35,104,39.13,78.67,24.28,30.318,5.63,13.3,11.13,7.88
15.25,107.99,38.97,78.22,24.43,30.6487,5.67,13.56,11.29,7.95
14.92,107.49,37.54,78.02,24.15,30.7853,5.61,13.07,10.99,7.95
14.27,105.35,37.03,75.73,23.59,30.7206,5.55,12.82,10.73,8
15.45,105.74,40.33,77.36,23.93,30.85,5.63,12.6,10.61,8.05
16.2,105.36,41.62,76.6,23.76,30.8644,5.65,12.54,10.57,8.1
16.37,105.27,42.53,76.38,23.76,31.0945,5.67,12.57,10.45,8.01
16.05,102.58,42,72.87,23.1,30.8069,5.61,12.19,10.24,7.93
15.65,101.52,41.51,74.2,22.35,30.282,5.43,12.16,10.15,7.9
15.24,103.55,40.99,74.3,22.59,30.735,5.53,12.28,10.27,7.97
15.09,103.3,40.47,73.33,22.17,30.5049,5.57,12.23,10.2,8
15.98,104.43,42.22,74.3,22.5,30.7709,5.44,13.4,10.68,8.1
16.59,106,43.2,72.6,22.83,31.0082,5.42,13.58,10.82,8.09
15.98,102.08,42.11,72.33,22.72,30.9363,5.37,13.9,10.77,8.11
16.95,100.67,43.4,74.28,23.1,31.4755,5.4,14.07,10.98,8.19
16.61,101.8,42.62,73.43,22.95,31.2239,5.28,13.9,11.06,8.19
17.18,102.5,43.99,74.24,23.01,31.5186,5.28,14.13,12,8.34
17.63,101.38,44.62,73.28,22.94,31.3605,5.17,13.88,11.81,8.35
16.18,100.95,42.02,71.26,22.33,29.8363,5.16,13.88,11.8,8.34
16,101.44,41.32,71,21.89,29.0311,5.21,13.9,12.1,8.35
15.59,102.39,40,70.72,22.34,28.9951,5.27,14.02,12.28,8.18
15.57,102.72,40.28,70.14,22.9,28.1036,5.25,14.01,12.49,8.14
16.03,103.3,41.35,71.41,22.6,28.0749,5,14.01,12.69,8.3
16.73,105.02,43.3,73.94,22.3,28.8082,5.09,14.12,12.54,8.34
17.25,104.36,44.2,74.91,22.52,28.9017,5.07,14.11,12.5,8.44
17.67,102.57,44.9,75.74,22.76,29.0239,5.13,13.93,12.37,8.28
18.55,103.15,46.47,76.89,23.02,29.1317,5.13,13.9,12.32,8.26
18.21,102.43,45.26,75.45,23,29.3762,5.1,13.99,12.5,8.04
17.86,104.7,44.3,76.31,23.35,29.8794,5.16,14.4,12.85,8.24
17.7,103.15,44.73,76.14,23.14,29.6925,5.19,14.24,12.38,8.13
17.61,103.58,44.57,76.37,23.34,30.0448,5.16,14.08,12.32,8.15
17.74,103.59,44.47,76.86,23.1,29.8363,5.28,14.18,12.3,8.39
17.13,102.35,42.97,75.45,22.79,29.6709,5.29,14.12,12.11,8.29
16.88,102.3,42.69,76.04,22.48,29.4624,5.3,14.15,12.17,8.14
17.29,101.85,43.73,77.38,22.24,29.8363,5.26,14.27,12.1,8.19
18.1,100.1,44.15,78.16,22.2,30.0232,5.22,14.21,11.98,8.49
18.17,100.5,44.1,77.14,21.87,29.8866,5.19,14.12,12.07,8.47
17.9,101.67,43.86,76.91,22.07,30.0304,5.26,14.06,12.1,8.27
17.6,100.63,43.86,76.7,22.38,30.2317,5.24,14.19,12.13,8.3
17,102.2,42.3,74.82,22.45,30.2605,5.25,14.45,12.26,8.62
17,102.2,42.3,74.82,22.45,30.2605,5.25,14.45,12.26,8.62
17,102.2,42.3,74.82,22.45,30.2605,5.25,14.45,12.26,8.62
16.71,98.57,42.14,73.12,21.87,29.8938,5.24,14.38,11.97,8.6
16.62,100.36,41.99,73.31,21.87,29.6709,5.22,14.23,12.09,8.72
16.86,101.44,42.69,74.92,22.1,29.8003,5.33,14.35,12.12,8.89
16.97,101,43.14,72.99,21.71,29.2611,5.26,14.16,12.02,8.8
16.52,101.31,42.82,72.92,21.66,29.3762,5.26,14.24,12.11,8.83
15.98,99.39,41.96,71.25,21.36,29.1173,5.26,14.71,12.05,8.62
16.14,100.35,42.34,71.15,21.34,29.1173,5.22,14.64,12.11,8.82
16.39,101.44,42.97,70.99,21.33,29.0886,5.18,14.62,12.08,8.85
16.18,101.25,43.26,70.76,21.14,28.9951,5.16,14.59,12.06,8.79
16.55,100.19,44.28,70.7,20.82,28.7723,5.15,14.53,11.98,8.8
16.9,100,45.33,72.22,20.74,28.42,5.16,14.61,11.96,8.8
17.92,100.59,47.38,73.73,20.99,28.6141,5.16,14.94,12.01,8.83
18.87,99.93,48.6,74.71,21.87,29.2899,5.16,14.84,12.02,8.73
19.28,101.58,48.2,75,22.19,29.9226,5.24,14.76,12.07,8.89
18.7,103.37,47.45,74.18,22.19,29.5703,5.33,15.05,12.36,8.83
19.67,103.5,49.29,74.7,22.14,29.3474,5.39,15.4,12.41,8.77
20.34,104.25,51.3,74.55,22,29.52,5.42,15.57,12.51,8.81
21.05,105,52.55,75.48,21.77,30.3396,5.42,15.31,12.66,8.59
20.36,104.65,51,75.04,21.72,30.0664,5.4,15.13,12.51,8.4
20.36,104.65,51,75.04,21.72,30.0664,5.4,15.13,12.51,8.4
19.76,104.38,49.44,75.62,21.5,30.3252,5.42,15.14,12.57,8.42
19.65,104.06,48.42,73.76,21.26,30.3683,5.38,15.22,12.45,8.22
20.57,103.94,50.29,73.85,22.03,30.6847,5.38,15.42,12.48,8.37
20.68,105.18,51.55,73.89,22.11,30.7494,5.36,15.4,12.48,8.34
20.92,106,52.4,72.34,22.25,30.886,5.51,15.32,12.5,8.41
20.73,109.45,51.75,75.02,22.27,31.2239,5.64,15.74,12.72,8.55
18.79,111.37,47.85,74.61,20.71,30.735,5.62,15.72,12.61,8.5
18.43,109.63,48.06,74.85,20.92,30.2317,5.56,15.75,12.76,8.63
18.46,109.15,47.75,74.35,21.21,30.5984,5.6,16.01,13.05,8.75
18.41,110,46.74,75.78,21.52,31.0297,5.63,15.88,13.09,8.82
17.83,109.82,45.4,78,21.62,31.0226,5.68,16.02,13.11,8.85
18.55,110.02,46.01,77.99,22.8,31.0297,5.71,16.07,13.08,8.94
18.59,110.58,45.9,78.24,23.05,30.8428,5.76,16.02,12.91,9.07
18.2,110.85,44.65,77.39,22.37,30.5696,5.68,16.29,13.03,8.95
18.56,112.95,45.21,78,22.46,30.8356,5.71,16.22,12.97,8.96
19.21,113,45.87,78.7,22.73,31.1232,5.78,16.21,13.05,9.27
19.43,113.91,45.82,77.62,22.36,30.8069,5.72,16.02,12.66,9.38
18.71,114.23,44.29,77.76,22.17,30.5409,5.64,16.32,12.72,9.31
18.85,113.87,45.04,78.12,22.26,30.8141,5.66,16.19,12.82,9.39
18.37,113.17,44,77.96,22.18,30.7134,5.66,16.19,12.73,9.43
18.38,113.26,44.2,77.56,21.99,30.1742,5.59,16.11,12.73,9.51
18.9,114.55,45.03,78.39,22.28,30.1239,5.69,16.31,12.85,9.48
19.41,115.82,45.48,78.59,22.01,29.0455,5.66,16.35,13,9.5
19.37,115.73,44.83,78.9,22.08,29.599,5.67,16.39,12.92,9.6
19.24,116.41,44.77,78.18,22.39,29.8363,5.67,16.42,12.9,9.83
19.08,115.76,44.69,77.43,22.12,29.2108,5.59,16.28,12.85,9.86
18.49,116.7,43.79,76.5,21.8,29.067,5.52,16.15,12.72,10.03
18.24,116.32,42.9,75.58,21.57,28.801,5.53,16,12.7,9.89
18.53,117.11,43.54,75.75,21.71,29.0742,5.59,16.06,12.84,9.95
19.22,117.26,45.22,76.6,21.81,29.2827,5.58,16.13,12.77,10.07
19.78,117.1,46.04,77.34,21.62,29.0023,5.57,16.1,12.8,9.92
19.54,117.21,45.17,76.99,21.62,29.5271,5.51,16.15,12.75,10.02
19.61,116.33,45.44,76.3,21.73,29.5271,5.47,14.85,12.61,10.14
18.8,115.07,44.08,75.49,21.54,29.4193,5.46,14.5,12.57,10.1
18.8,115.07,44.08,75.49,21.54,29.4193,5.46,14.5,12.57,10.1
18.2,111.33,43.47,73.52,21.16,28.8513,5.35,14.43,12.43,9.71
17.82,109.46,42.96,72.2,21.02,28.8657,5.28,14.25,12.3,9.9
17.89,109.32,43.01,71.8,21.1,28.7291,5.34,14.29,12.25,9.94
18.08,108.79,43.42,72.03,21,28.6428,5.31,14.23,12.34,9.96
18.87,108.09,44.79,74.2,21.38,29.2108,5.37,14.73,12.43,9.98
18.69,108.89,44.21,75.08,21.19,29.1892,5.35,14.59,12.62,9.88
18.71,108.61,44.58,75.07,21,29.0023,5.38,14.58,12.71,9.91
19.05,109.03,45.8,75.02,20.85,29.333,5.34,14.76,12.6,9.82
17.54,106.75,42.83,72.57,20.56,28.2259,5.35,14.36,12.2,9.63
18.08,108.82,44.07,72.8,20.68,28.1899,5.47,14.42,11.97,9.53
18.03,107.95,44.2,73.1,20.63,28.2977,5.41,14.19,11.92,9.46
18.3,108.36,44.83,73.46,20.72,28.4991,5.48,14.53,12.09,9.56
18.65,112.18,45.5,74.37,20.89,28.8298,5.56,14.93,12.39,9.56
19.09,111.76,46.07,73.83,20.74,28.8873,5.58,14.9,12.32,9.73
19.53,112.4,47.78,73.38,20.82,28.952,5.57,15.02,12.46,9.79
19.45,111.25,47.77,72.56,20.62,28.5781,5.51,14.88,12.46,9.87
18.71,110.98,46.81,71.97,20.5,28.6644,5.55,14.85,12.52,9.84
19.08,111.02,47.38,72.5,20.67,28.7938,5.58,15,12.67,9.7
19.05,110.49,48.3,72.41,20.61,29.067,5.59,15.1,12.75,9.68
19.6,112.01,49.52,74.1,21.31,29.4768,5.67,15.28,12.9,9.75
19.93,112.55,49.4,74.5,21.2,29.3834,5.67,15.46,12.88,9.73
20.58,111.24,50.78,74.89,21.34,29.1461,5.68,15.48,12.81,9.76
20.34,112.84,50.2,75.61,21.47,29.333,5.75,15.55,12.83,9.73
20.37,113.26,50.55,75.94,21.53,29.4049,5.75,15.62,12.95,9.46
20.22,113.85,50.14,76.1,21.95,29.5703,5.78,15.77,13.11,9.53
19.83,114.63,48.99,76.02,22.2,29.7285,5.78,15.46,13.15,9.49
19.25,117.01,48,76.76,22.52,30.1311,5.83,15.52,13.2,9.55
19.26,119.11,48.52,77.03,22.66,30.2245,5.83,15.56,13.41,9.57
19.3,119.01,48.35,77.14,22.45,30.052,5.8,15.3,13.38,9.81
19.24,120.86,48.14,77.55,24.3,30.3755,5.82,15.42,13.59,9.93
19.26,119.47,48.68,78,23.5,30.6199,5.77,15.38,13.6,9.86
19.86,117.86,49.6,77.94,23.42,30.5552,5.73,15.25,13.43,9.87
19.97,117.5,50.64,77.8,23.4,30.7853,5.74,15.28,13.43,9.99
19.52,118,49.56,77.35,23.41,30.8644,5.77,15.02,13.45,9.93
19.67,117.59,49.7,77.98,23.57,30.9147,5.73,15.08,13.42,10.06
19.24,117.78,49.41,77.59,23.63,30.9219,5.73,15.3,13.15,9.96
19.09,116.8,49.42,76.03,23.37,30.5912,5.7,15.09,12.94,9.9
19.31,114.75,48.62,75.66,23.57,30.6128,5.7,15.1,12.83,9.87
20.03,114.69,49.52,76.15,23.41,30.433,5.66,15.14,12.95,9.89
20.48,115.16,50.12,77.2,23.4,30.584,5.61,15.38,12.97,9.84
20.59,113.99,50.9,78.41,23.2,30.5409,5.65,15.2,12.93,9.86
20.44,115.43,50.57,77.4,23.1,30.3899,5.6,15.15,12.98,9.96
20.25,115.57,49.71,75.95,23.1,30.5265,5.51,15.07,13.07,10.07
20.68,116.5,49.74,76.01,23.4,30.6199,5.45,15.29,13.2,10.09
20.16,116.28,48.04,76.3,23.49,30.6271,5.49,15.52,13.36,10.07
20.25,116.75,48.46,76,23.37,30.6559,5.43,15.56,13.34,10.01
20.91,110.84,49.56,74.04,23.57,31.0729,5.44,15.47,13.27,9.96
20.86,107.7,49.32,73.12,23.75,30.9003,5.41,15.44,13.25,9.63
21.29,107.89,49.79,73.45,23.9,30.9363,5.48,15.46,12.97,9.73
20.95,107.7,49.2,73.12,24.1,31.0801,5.45,15.35,12.74,9.77
21.08,110.11,49.05,73.85,24.22,31.3317,5.49,15.4,12.92,9.79
21.42,110.5,49.82,74.46,24.22,30.6487,5.3,15.31,12.89,9.45
21.03,109.41,49.1,74,25.17,31.3892,5.25,15.99,12.76,9.46
20.88,109.05,48.82,73.26,24.9,31.8709,5.3,16.38,12.54,9.19
20.93,108.67,48.52,72.64,24.71,30.8141,5.33,16.17,12.46,9.34
21.11,110.14,48.9,72.9,24.13,30.9363,5.29,16.07,12.38,9.46
20.43,108.1,47.6,71.81,23.71,30.5121,5.26,16,12.32,9.29
19.84,107.3,46.99,71.51,23.91,30.5768,5.23,15.99,12.32,9.53
19.85,104.93,47.41,70.91,23.98,30.4833,5.12,15.84,12.14,9.5
20.34,104.92,48.1,72.31,24.05,30.6271,5.15,16.25,12.15,9.6
20.56,103.39,48.53,71.76,24.12,30.6128,5.12,15.92,12.13,9.46
20.5,102.94,48.16,72.56,24.12,30.9435,5.14,16.07,12.01,9.49
20.26,103.72,48.02,72.06,23.27,30.9938,5.11,15.71,12.01,9.36
20.78,101.39,48.6,70.87,22.85,30.6631,5.06,15.65,11.9,9.26
19.94,100.06,47.41,70.22,22.32,30.5552,4.99,15.39,11.59,9.21
20,99.94,47.46,69.5,22.42,30.2964,4.94,15.25,11.58,9.52
19.8,100.7,46.83,70.16,22.5,30.6559,5.07,15.18,11.74,9.63
20.07,101.04,47.07,71.5,22.49,30.8141,5.02,15.19,11.64,9.59
20.09,102.9,46.6,72.24,22.52,30.9579,5.1,15.3,11.75,9.69
20.14,102.02,46.53,72.21,22.53,30.7925,5.085,15.22,11.73,9.72
20.61,102.45,47.25,72.62,22.78,31.0369,5.01,15.14,11.91,9.67
20.72,102.85,47.65,72.89,22.76,31.5905,5.05,15.27,11.87,9.49
21.28,103.97,49.2,72.88,22.75,31.6265,5.09,15.14,11.83,9.5
21.53,105.66,50.07,73.4,23.35,31.6624,5.19,15.1,12.12,9.39
21.55,106.1,50.38,73.4,22.85,31.4395,5.19,15.15,12.02,9.3
21.5,108.1,50.01,72.7,22.52,31.6121,5.11,14.99,11.95,9.24
21.39,108.87,50,72.93,22.95,31.8422,5.1,15.06,11.99,9.33
22.4,107.78,51.85,73.5,23.33,31.7415,5.15,15.23,12,9.5
22.38,107,51.61,72.4,23.27,31.7056,5.18,15.15,11.98,9.57
22.75,106.57,51.9,73.5,23.37,31.8781,5.2,15.1,12.03,9.55
22.9,106.94,52.48,73.3,23.27,32.0363,5.2,15.31,12.11,9.69
22.85,106.52,51.9,73.59,23.3,32.0147,5.15,15.49,12.13,9.59
23.12,106.56,52.21,74.16,23.91,32.4245,5.06,15.56,12.24,9.6
23.3,106.4,52,74.38,23.89,32.6114,5.01,15.49,12.25,9.59
23.4,106.7,52.11,74.62,23.97,32.6186,5.07,15.5,12.28,9.38
23.8,105.48,53.2,74.61,24.1,32.6042,5.05,15.47,12.16,9.28
23.44,106.54,53,74.99,24.22,32.3598,5.1,15.33,12.03,9.2
22.75,104.97,51.57,74.53,24.22,32.5899,5.06,15.42,12.01,9.02
22.54,105.65,51.05,74.58,24.28,32.7193,5.08,15.66,12.05,9.08
22.39,104.26,50.62,74.37,24.25,32.6258,5.03,15.62,11.97,8.72
22.64,105.28,50.61,74.59,24.36,32.5683,5.03,15.51,12.09,8.66
22.47,105.87,50.74,74.74,24.76,32.065,5.09,15.21,12.09,8.69
22.85,105.63,50.96,74.59,24.91,31.835,5.06,14.89,12.05,8.7
23.04,104.06,50.95,74.9,25.29,31.7199,5.04,14.92,11.74,8.57
23.09,102.53,51.23,74.67,25.21,31.8134,5.05,14.98,11.82,8.52
23.19,102.98,52.48,75.23,25.25,31.6049,5.05,15.08,11.98,8.57
22.84,101.78,53.37,74.19,25.12,29.8003,5,15.01,11.71,8.38
22.51,100,53.3,72.99,24.8,28.9879,4.98,14.76,11.48,8.45
22.98,99.32,53.75,72.75,24.23,28.9879,4.95,14.65,11.42,8.44
23.07,100.51,54.18,73.39,23.65,29.484,4.98,14.7,11.53,8.26
22.8,99.65,54.2,72.76,23.47,29.1605,4.92,14.71,11.5,8.23
22.56,97.49,53.9,72.17,23.09,29.0095,4.9,14.49,11.31,8.22
22.66,98.2,53.64,71.61,22.99,29.3187,4.9,14.45,11.3,8.26
22.27,98.66,53.31,70.99,22.96,29.0455,4.9,14.45,11.21,8.25
22.7,99.77,53.92,72.53,23.06,29.3546,4.93,14.56,11.27,8.53
23.3,98.87,54.79,72.07,23.05,29.5775,4.9,14.42,11.13,8.48
22.56,97.15,53.73,70.89,22.73,29.0886,4.84,14.33,11,8.33
24.42,102.47,58.13,73.26,23.19,29.599,4.85,14.59,11.67,8.64
24.94,103.23,59.55,75.78,23.38,29.786,4.72,14.22,11.6,8.74
24.84,103.92,59.44,76.18,23.25,29.5919,4.78,14.02,11.73,8.64
24.55,101.45,58.95,76.43,23.36,29.1173,4.71,13.89,11.73,8.67
23.98,99.14,56.94,76.89,23.3,29.4768,4.72,13.83,11.66,8.6
24.06,101.09,57.59,76.65,23.31,29.7428,4.84,13.9,11.69,8.48
24.1,100.25,57.37,76.86,23.21,29.5919,4.93,14.27,11.88,8.34
24.28,99.56,57.39,76.87,22.85,29.1389,4.88,14.15,11.77,8.3
25.24,100.33,58.67,77.39,23.26,29.635,4.9,14.29,12,8.33
25.91,99.69,60.15,78.42,23.4,29.9369,5,14.37,12.19,7.77
25.91,99.21,60.3,78.43,23.5,30.3036,4.98,14.91,12.13,7.93
26.5,99.25,61.76,78.17,23.5,30.3252,5.03,14.98,12.09,7.82
25.81,98.46,61.05,77.29,23.25,30.2892,5.04,14.39,12.02,7.85
25.46,98.89,60.39,77.76,23.05,30.2317,5.04,14.51,11.92,7.75
24.41,98,57.75,78.65,22.89,30.0376,5.05,14.38,11.78,7.82
25.61,99.22,58.7,79.53,23.14,29.8435,5,14.38,11.8,7.87
25.02,98.08,58.04,78.6,22.94,29.3905,4.95,14.2,11.61,8.15
25.18,95.64,58.61,77.68,22.69,29.0095,4.91,14.15,11.41,7.99
25.48,96.25,59.14,78.01,22.4,28.8945,4.92,14.1,11.63,7.87
25.73,96.39,60.83,79.3,22.91,29.0311,4.96,14.3,11.66,7.87
26.04,95.35,62.73,79.73,23.15,29.3115,4.99,14.69,11.83,7.94
25.98,95,62.65,80.67,22.91,29.2971,4.99,14.45,11.82,7.91
26.32,92.1,62.79,80.92,22.85,29.3402,4.95,14.29,11.76,7.92
26.12,95.03,61.25,80.38,22.82,29.6566,4.96,14.22,11.79,7.9
25.8,96.8,60.96,81.18,22.96,29.9082,5.02,14.5,12.1,7.97
25.33,96.82,60.09,80.64,23.05,29.6494,4.94,14.73,11.95,7.97
25,96.93,59.29,81.06,22.95,29.8003,4.91,14.65,12.02,7.87
25.09,97.3,59.55,81.43,23.24,30.0664,4.96,14.81,12.23,7.9
24.91,98.12,59.26,82.27,23.65,30.4043,5.01,14.97,12.2,7.92
25.17,98.8,60.12,82.09,23.62,30.2461,5.03,14.98,12.27,7.92
25.14,98.19,60.09,82.69,23.98,30.4905,5.07,14.97,12.34,8.25
24.63,97.8,58.77,82.5,23.85,30.2533,5.04,15.07,12.4,8.06
24.63,97.8,58.77,82.5,23.85,30.2533,5.04,15.07,12.4,8.06
24.63,97.8,58.77,82.5,23.85,30.2533,5.04,15.07,12.4,8.06
25.44,99.41,60.17,83.31,24.31,30.5768,5.1,15.06,12.38,8.34
25.5,99.53,60.73,83.5,24.49,30.7709,5.12,15.13,12.4,8.39
25.06,100.41,59.9,82.41,24.1,30.2964,5.1,14.95,12.4,8.19
25.06,100.41,59.9,82.41,24.1,30.2964,5.1,14.95,12.4,8.19
25.46,100.87,60.98,82.97,24.37,30.7062,5.16,15.21,12.61,8.33
25.61,101.04,60.4,83.61,24.35,30.5121,5.18,15.09,12.5,8.33
25.63,102.05,60.5,83.85,24.28,30.4977,5.22,15.12,12.51,8.33
25.5,102.33,60.13,84.13,24.19,30.4186,5.26,15.06,12.5,8.32
25.47,104,59.35,85.26,24.39,30.2964,5.28,15.14,12.67,8.43
25.36,104,59.95,84.82,24.21,30.3971,5.23,15.06,12.58,8.39
26.02,103.87,62.28,85,24.4,30.318,5.24,15,12.61,8.43
26.36,100.96,62.87,85.03,24.27,29.9801,5.25,15.06,12.63,8.36
26.33,101.08,62.09,83.86,24.38,29.9585,5.22,14.94,12.62,8.34
26.77,100.89,63.22,84.09,24.47,30.0664,5.24,15,12.61,8.35
26.71,100.2,62.7,83.35,24.42,29.8507,5.2,14.95,12.47,8.34
26.52,99.12,63.14,82.66,24.3,29.9082,5.17,14.86,12.39,8.38
26.69,111.5,63.53,82.67,24.4,29.8363,5.14,14.77,12.33,8.39
26.35,114.6,62.33,81.58,24.38,29.901,5.14,14.72,12.28,8.44
26.37,111.53,62.4,81.47,24.6,29.4553,5.12,14.39,10.34,8.49
27.01,112.55,64.76,81.77,24.8,29.6206,5.11,14.5,10.58,8.65
27.89,112.3,67.23,82.23,24.65,29.2611,5.07,14.41,10.62,8.77
27.89,112.3,67.23,82.23,24.65,29.2611,5.07,14.41,10.62,8.77
27.52,112.88,67.85,82.98,25.16,29.5631,5.11,14.47,10.65,8.53
27.36,111.4,67.83,82.19,24.91,29.2971,5.06,14.27,10.52,8.33
26.64,112.3,66.68,81.66,24.6,28.9448,5,14.3,10.41,8.31
27.08,113.32,67.04,82.02,25.09,29.3762,5.07,14.23,10.28,8.36
27.04,112.11,67.19,82.01,25.29,29.218,5.03,14.09,10.22,8.39
26.2,112.37,64.53,81.68,25.39,29.1533,5.08,14.17,10.45,8.56
25.91,111.79,64.89,81.91,25.36,28.9448,5.12,14.2,10.35,8.45
25.96,112.57,65.16,81.51,25.35,29.1605,5.05,14.4,10.38,8.43
25.74,112.94,65.69,82.35,25.36,29.0814,5.09,14.55,10.39,8.56
25.42,113.2,65.25,81.93,25.25,29.4624,5.13,14.33,10.43,8.48
25.88,114.37,65.95,82.9,25.33,30.0951,5.16,14.55,10.55,8.52
26.45,115.07,68.32,83.15,25.5,30.433,5.22,15.18,10.45,8.54
26.21,114.67,68.51,82.63,25.52,30.2892,5.17,15.23,10.52,8.45
26.54,118,68.4,84.53,25.36,31.152,5.19,14.96,10.55,8.46
26.94,122.4,69.27,85.08,25.36,30.8069,4.85,14.9,10.6,8.39
26.64,120.27,67.79,85.39,25.49,30.9794,4.84,14.76,10.51,8.35
26.47,119.8,67.64,85.91,25.5,30.4402,4.84,14.65,9.47,8.29
26.73,119.28,68.99,85.94,25.5,30.4546,4.83,14.37,9.28,8.25
26.55,120.53,69.38,83.71,26.63,31.0082,4.85,14.48,9.42,8.22
25.84,119.99,65.6,83.48,26.5,31.0585,4.82,14.5,9.55,8.31
25.06,117.74,62.88,83.02,26.5,30.9147,4.81,14.19,9.52,8.2
24.99,117.93,62.49,82.24,26.19,30.6487,4.82,14.17,9.23,8.32
25,117.86,61.99,82.32,25.76,30.7134,4.82,14.05,9.31,8.59
24.88,118.12,61.37,82.81,25.51,30.8141,4.64,14.13,9.26,8.62
25.7,120.33,63.53,83.86,25.47,31.0873,4.57,14.32,9.4,8.67
25.34,120.5,60.92,83.2,25.41,30.8069,4.59,14.18,9.31,8.64
25.75,120.23,62.13,83.5,25.7,30.8069,4.64,14.29,9.35,8.59
25.5,121.49,61.61,83.54,26.1,31.1304,4.64,14.25,9.33,8.64
25.23,122.49,61.39,83.23,26.06,31.3461,4.67,14.13,9.2,8.71
23.96,122.66,60.14,83.53,26.07,31.3892,4.63,14.2,9.25,8.66
23.67,125.91,58.97,84.5,26.42,31.9284,4.64,14.35,9.22,8.83
23.65,124.74,59.16,84.3,26.37,31.8134,4.65,14.4,9.08,8.99
23.87,124.7,59.5,84.49,26.33,31.8853,4.66,14.38,9.07,8.92
24.22,124.58,60.83,84.82,26.35,31.5474,4.69,14.39,9.11,8.95
25.12,124.03,62.23,84.54,26.13,31.6912,4.75,14.38,9.13,8.88
24.84,123.34,62.93,84.77,25.87,31.6337,4.76,14.5,9.04,8.87
24.88,125.06,62.39,84.43,25.84,31.4899,4.66,14.57,9.14,8.81
24.64,125.05,61.6,84.42,25.82,31.5761,4.61,14.62,9.19,8.86
23.92,122.58,60,82.71,25.43,31.1232,4.55,14.55,9.25,8.75
24.19,122.37,60,82.95,25.61,31.2023,4.52,14.66,9.32,8.72
24.26,123.5,60.11,83.38,25.94,31.5474,4.59,14.92,9.33,8.8
23.55,122.8,59.02,83.4,25.94,31.6337,4.57,14.91,9.33,8.81
23.9,123,59.93,85.26,26.25,31.9069,4.6,15.1,9.4,8.79
23.97,124.33,60.35,86.14,26.35,32.2663,4.61,15.29,9.48,8.86
24.07,125.49,60.49,86.52,26.7,32.7049,4.62,15.29,9.45,8.91
24.04,125.33,60.46,85.91,26.5,32.4029,4.66,15.06,9.35,8.84
24,126.23,60.01,86.39,26.67,32.4245,4.7,15.08,9.4,9.02
23.92,126.49,59.9,85.93,26.73,32.1944,4.67,15.06,9.43,8.97
24.75,126.4,61.72,85.99,26.77,31.8206,4.63,15.07,9.33,8.98
24.67,127.99,60.68,84.79,26.57,31.95,4.57,15.21,9.33,9
24.59,128.46,60.01,84.77,26.52,31.9356,4.56,15.27,9.37,8.96
25.73,128.3,60.84,85.49,26.58,32.1729,4.58,15.25,9.55,8.94
25.41,128.47,62.03,86.1,26.4,32.065,4.56,15.24,9.6,9.05
25.32,127.71,61.89,86.68,26.58,32.3382,4.22,15.3,9.61,9
24.31,127.98,59.15,86.25,26.47,32.4533,4.16,15.38,9.55,9.02
24.31,127.98,59.15,86.25,26.47,32.4533,4.16,15.38,9.55,9.02
24.31,127.98,59.15,86.25,26.47,32.4533,4.16,15.38,9.55,9.02
23.93,128.71,58,85.51,26.36,31.9931,4,15.33,9.6,9.1
23.92,127.64,58.9,84.62,26.18,31.8925,4.13,15.2,10.17,9.05
23.65,127.94,58.67,85.13,26.28,31.9284,4.25,15.4,9.89,9.02
24.04,128.42,60.24,85.64,26.51,31.5546,4.23,15.4,9.8,8.87
23.94,128.59,59.82,86.23,26.67,31.4539,4.21,15.65,9.89,8.95
23.94,128.59,59.82,86.23,26.67,31.4539,4.21,15.65,9.89,8.95
24.08,130.11,60.5,87.11,26.98,31.5905,4.24,15.69,9.89,9.04
23.87,130.89,59.8,87.66,26.98,31.1304,4.22,15.75,10.16,9.12
23.72,132.55,60.44,87.4,26.88,30.9147,4.22,15.71,10.34,9.23
23.88,132.79,59.85,87.46,27.03,31.3533,4.26,15.72,10.2,9.3
23.76,132.94,59.96,86.83,27.35,31.1376,4.26,15.71,10.23,9.24
23.21,133.43,59.39,85.35,26.61,31.1951,4.27,15.2,10.25,9.33
23.24,133.65,58.32,84.63,26.68,31.3748,4.23,15.35,10.2,9.26
22.62,133.62,57.15,84.4,26.25,31.1232,4.4,15.27,10.22,9.23
22.97,134.5,58.48,85.3,26.57,31.2095,4.35,15.42,10.24,9.53
23.16,134.25,58.79,82.02,26.62,31.3677,4.45,15.47,10.43,9.52
23.51,134.72,60,81.73,26.8,31.7199,4.46,15.49,10.6,9.64
23.6,135.75,59.58,82.07,27.11,31.7271,4.4,15.41,10.54,9.78
23.75,134.13,59.8,81.67,26.94,31.6193,4.36,15.27,10.49,9.53
23.82,134.31,59.44,82.24,26.79,31.3245,4.4,15.29,10.36,9.42
24.02,134.3,60.28,82.61,26.78,31.5833,4.42,15.34,10.53,9.31
24.07,132.65,61.62,80.97,26.24,31.1735,4.4,15.25,10.45,9.53
23.95,129.83,61.81,80.81,26.14,31.2095,4.41,15.02,10.42,9.38
24.28,131.06,63.25,80.23,25.85,30.9219,4.43,15,10.29,9.43
24.63,130.27,65.2,81.27,25.9,30.7637,4.49,15.15,10.3,9.39
24.34,131.1,64.74,80.94,25.94,30.5768,4.48,15.21,10.28,9.49
24.2,133.11,63.88,81,26.25,30.735,4.5,15.33,10.47,9.64
24.5,132.27,64.8,81.26,26.1,30.7494,4.5,15.47,10.64,9.73
24.01,132.09,63.64,80.14,26.05,30.6415,4.48,15.45,10.48,10.05
23.84,132.88,62.67,78.89,25.88,30.5912,4.44,15.49,10.6,10.2
24,131.64,63.27,79.44,25.86,30.3539,4.41,15.42,10.48,10.11
23.9,129.29,62.81,79.65,26.05,30.699,4.4,15.34,10.37,10.16
23.73,131.32,61.75,79.62,26.13,29.7428,4.43,15.92,10.45,10.25
24.07,132,62.82,80.38,26.53,30.1742,4.49,16.06,10.49,10.45
23.66,132.25,62,79.31,26.53,30.2173,4.48,16.23,10.52,10.56
23.34,130.1,61.47,78.15,26.12,29.7716,4.45,16.16,10.43,10.34
23.19,131.28,61.68,78.5,25.94,28.9232,4.46,15.95,10.42,10.4
23.31,135.32,62.1,79.05,26.07,28.8657,4.4,15.9,10.3,10.41
23.54,135.05,62.94,79.19,25.95,28.801,4.37,15.94,10.21,10.47
23.54,135.05,62.94,79.19,25.95,28.801,4.37,15.94,10.21,10.47
23.67,137.65,62.61,81.13,26.08,29.2899,4.38,16,10.34,10.52
23.69,142.04,62.59,82.3,26.29,29.4121,4.36,16.33,10.47,10.69
23.01,139.45,60.28,81.7,26.19,29.4912,4.37,16.25,10.45,10.5
22.99,139,60.08,81.86,26.25,29.2611,4.38,16.35,10.51,10.63
23,139.62,60.05,82.79,25.33,29.1964,4.41,16.57,10.53,10.72
22.96,138.56,59.72,82.24,25.15,29.1245,4.38,16.7,10.38,10.63
22.1,139.5,58,80.8,25.1,28.916,4.33,16.52,10.14,10.56
22.15,141,58.37,81.88,25.23,29.3474,4.32,16.52,10.11,10.64
22.41,143.33,58.83,81.25,25.36,29.2755,4.35,16.59,10.16,10.69
22.45,142.72,59.57,81.55,25.59,29.52,4.34,16.5,10.14,10.79
22.46,140.8,59.85,82.08,25.57,29.1749,4.32,16.42,10.04,10.95
22.89,140.46,61.34,82.71,25.67,29.3115,4.36,16.39,9.87,10.95
23.48,142.07,63.39,84.02,25.84,29.2468,4.37,16.53,9.96,11.1
23.28,138.03,63.27,82.81,25.54,28.8441,4.3,16.21,9.73,10.85
23.23,135.27,63.6,82.44,25.22,28.8801,4.31,16.04,9.67,10.63
23.76,136.48,64.1,84,25.69,29.3258,4.4,16.34,9.78,10.62
24.15,135,65.2,83.64,25.62,29.1533,4.41,16.38,9.7,10.45
24.3,137,64.36,83.01,25.55,29.4553,4.37,16.36,9.7,10.42
24.59,134.17,65.04,82.13,25.5,29.4121,4.32,16.13,9.53,10.61
24.52,133.32,65.1,82.81,25.77,29.3834,4.36,16.09,9.51,10.62
24.78,132.46,65.62,82.94,25.75,29.2468,4.34,16.04,9.46,10.61
24.88,129.1,65.67,82.12,25.68,28.9951,4.32,15.86,9.36,10.41
25,132.76,65.39,82.56,26,29.7285,4.31,15.86,9.5,10.55
25.13,130.89,65.53,83.12,26.37,29.8722,4.3,15.9,9.5,10.62
25.17,129.95,65.92,82.94,26.46,29.8075,4.22,16.01,9.58,10.53
25.1,128.36,64.94,81.4,26.25,29.2611,4.18,15.74,9.73,10.19
24.83,127.99,64.5,83.81,26.25,29.1389,4.11,15.6,9.76,10.17
24.97,127.39,64.38,84.56,26.47,29.0886,4.1,15.62,9.62,10.15
24.49,126.79,63.05,83.97,26.3,28.9232,4.1,15.58,9.59,10.35
24.4,126.01,62.62,83.57,26.25,28.9376,4.13,15.42,9.47,10.38
24.56,128.56,63,84.28,26.36,28.9664,4.09,15.48,9.45,10.48
25.37,130.01,64.65,84.81,26.56,29.2755,4.1,15.64,9.46,10.41
25.65,128.82,65.04,85.05,26.73,29.333,4.12,15.72,9.45,10.34
25.33,125.94,64.24,83.76,26.51,29.1389,4.11,15.38,9.23,10.26
25.85,126,65.79,83.73,26.7,29.2827,4.1,15.34,9.24,10.35
26.16,127.06,65.95,84.54,27.03,29.4049,4.14,15.31,9.34,10.43
25.75,127.48,65.84,84.23,26.95,29.103,4.11,15.37,9.29,10.48
25.64,127,64.2,83.97,26.97,29.103,4.09,15.38,9.37,10.5
25.72,128.14,65.24,80.72,27,29.2683,4.07,15.29,9.44,10.5
26.16,127.86,66.35,81.52,26.9,29.4768,4.13,15.38,9.7,10.56
26.1,126.96,66.05,80.65,26.94,29.4768,4.11,15.53,9.67,10.65
26.21,128.48,66.42,81.11,26.97,29.3618,4.11,15.41,9.72,10.64
26.07,127.78,65.01,81.05,26.75,29.2468,4.15,15.54,9.81,10.62
25.55,126.26,63.18,80.5,26.87,29.369,4.15,15.5,9.57,10.3
25.65,126.31,63.42,81.31,26.9,29.5631,4.17,15.57,9.72,10.41
25.61,127.18,62.82,81.25,27.09,29.8866,4.24,15.71,9.73,10.5
25.67,125.27,62.75,79.84,27.14,30.016,4.33,15.91,9.7,10.5
25.92,127,63.61,79.55,26.97,30.1023,3.87,16.07,9.84,10.57
25.39,128.61,63.19,79.09,27.02,30.3755,3.9,16.18,9.76,10.62
25.7,126.67,64.15,78.41,26.93,30.6271,3.87,16,9.63,10.64
25.98,128.05,64.77,78.66,27.06,29.7285,3.86,16.12,9.64,10.73
26.04,128.33,64.97,78.21,26.94,29.8507,3.91,15.96,9.44,10.65
26.6,128,66.96,77.55,26.02,30.3036,3.94,16.03,9.36,10.6
26.68,128.55,67.33,77.72,26.08,30.1598,3.92,16.11,9.34,10.54
26.89,128.2,66.5,76.68,25.84,29.8291,3.88,15.95,9.3,10.47
26.87,126.85,66.6,75.73,25.56,29.8291,3.84,15.84,9.26,10.44
26.95,126.84,66.7,75.37,25.62,30.2317,3.6,16.04,9.3,10.55
27.38,128.52,67.84,75.8,26,30.6415,3.67,16.11,9.31,10.7
27.42,130.99,68.28,75.48,25.79,30.5121,3.67,16.17,9.35,10.9
27.48,130.46,67.68,74.41,25.74,30.4115,3.67,15.7,9.34,10.89
27.62,130.88,68.12,74.59,25.85,30.5193,3.66,15.7,9.28,10.9
27.73,132.28,68.25,73.7,25.76,30.3755,3.62,15.52,9.27,11.06
27.33,130.95,68.75,73.98,25.3,30.1886,3.72,15.71,9.2,11.28
27.29,131.26,68.5,73.24,25.33,30.2964,3.7,15.45,9.15,11.43
26.8,132.51,67.53,74.26,25.36,30.5121,3.72,15.56,9.2,11.55
27.12,132.61,68.8,75.92,25.21,30.5481,3.69,15.66,9.13,11.61
27.38,132.29,69.53,76.55,25.42,30.2533,3.62,15.67,8.92,11.77
26.89,131.25,68.38,76.75,25.39,29.9729,3.65,15.77,9.02,11.72
26.26,130.96,66.81,76.28,25.39,29.786,3.65,15.61,8.97,11.59
26.28,131.46,66.67,76.69,25.29,29.6494,3.61,15.67,8.99,11.09
26.3,130.95,66.89,76.28,25.18,29.5775,3.65,15.74,9,11.09
26.19,133.75,66.06,76.29,25.28,29.6637,3.6,15.7,9.39,11.33
25.99,132.81,65.5,76.07,25.3,29.4265,3.55,15.34,9.22,11.36
25.95,133.08,65.97,76.62,25.35,29.6278,3.58,15.33,8.98,11.57
25.98,133.86,66.01,75.81,25.19,29.5271,3.55,15.33,8.92,11.52
25.79,132.53,65.85,75.1,25.3,29.6278,3.53,15.28,9.01,11.54
25.83,132.43,66.8,74.85,25.23,29.5056,3.48,15.27,9,11.63
25.58,133.94,65.47,75.12,25.1,29.2468,3.48,15.35,9.07,11.66
25.78,133.96,66.53,75.25,25.21,29.7141,3.49,15.21,9,11.72
26.12,134.88,68,76.34,25.16,29.6925,3.46,15.29,9,11.65
26.15,134.51,68.49,75.16,25,29.6278,3.47,15.15,8.96,11.64
26,133.29,67.43,75.4,24.54,29.4049,3.43,15.01,8.93,11.56
26.09,133.25,67.99,75.32,24.67,29.4984,3.38,15.07,8.95,11.55
26.61,134.82,69.25,76.3,24.86,29.4553,3.44,15.21,9.07,11.53
26.56,136.44,69.2,76.71,24.85,29.5559,3.48,15.29,8.97,11.49
26.5,136.1,69.16,76.35,24.71,29.6134,3.47,15.34,8.96,11.67
26.63,136.7,68.77,76.35,24.88,29.8003,3.48,15.5,9.19,11.93
26.21,137.99,67.81,76.41,24.92,30.1958,3.49,15.56,9.21,11.54
26.36,137.66,68.21,76.66,25.05,30.4186,3.52,15.63,9.24,11.67
26.95,138.1,70.55,77.2,25.27,30.5049,3.55,15.7,9.2,11.77
27.31,138.95,71.46,78.25,25.47,30.6271,3.55,15.86,9.26,11.71
27.17,141.45,70.92,78.37,25.52,30.735,3.49,15.87,9.33,11.83
26.56,140.95,69.12,78.74,25.61,30.85,3.51,15.88,9.39,11.68
26.68,139.92,69.06,78.97,25.63,30.9866,3.52,15.73,9.35,11.84
26.49,139.74,69.26,78.69,25.46,30.7565,3.55,15.82,9.31,11.9
26.55,139.91,69.39,78.66,25.26,30.7206,3.56,15.84,9.27,11.85
26.82,139.43,69.64,78.63,25.15,29.8291,3.52,15.91,9.27,11.81
26.64,139.85,69.66,78.99,25.16,30.0376,3.53,15.97,9.32,11.92
26.59,139.33,69.99,78.24,25.1,29.901,3.55,15.94,9.36,11.93
26.63,139.94,69.98,78.12,25.3,29.9945,3.53,15.88,9.36,11.95
26.54,138.93,69.45,77.63,25.88,30.052,3.54,15.84,9.46,11.81
26.95,140.27,70.01,77.67,26.3,30.3683,3.57,15.3,9.41,11.91
27.35,140.42,72.34,77.41,26.03,30.4402,3.51,15,9.43,11.66
27.69,140.99,73.11,77.79,26.06,30.5121,3.5,14.91,9.43,11.6
27.67,143.02,73.23,77.4,26.1,30.4905,3.49,14.89,9.49,11.77
28.75,144.59,74.74,78.2,26.11,30.6415,3.47,15.11,9.57,12.1
28.49,144.27,74.24,80.27,26.13,30.6918,3.46,14.89,9.6,12.02
28.63,145.78,74.64,80.94,26.23,30.9938,3.47,15.02,9.67,12.05
28.07,144,72.95,80.85,26.24,31.0729,3.46,15,9.68,11.94
28.28,143.62,73.75,81.52,26.31,31.116,3.46,14.98,9.77,11.82
27.95,140.79,73.04,80.82,26.28,31.0585,3.42,14.91,9.8,12.11
27.35,141.25,71.05,80.58,26.11,30.9147,3.42,15,9.79,12.11
27.27,140.7,71.2,80.82,25.85,30.5912,3.43,15.06,9.78,12.11
27.12,142.11,70.89,80.92,25.83,30.4115,3.45,15.06,9.78,12.2
27.12,142.95,70.8,80.61,25.86,30.4977,3.47,15.08,9.8,12.37
27.23,143.66,71.1,80.58,25.91,30.4546,3.48,15.18,9.87,11.9
27.6,145.03,71.75,81.05,26.1,30.7637,3.48,15.29,10,11.27
27.96,146.04,72.01,80.88,26.2,30.8356,3.47,15.38,10.05,11.41
27.97,146.56,72.1,80.57,26.31,31.0657,3.48,15.53,10,11.6
27.95,147.35,72.09,80.5,26.27,31.0082,3.46,15.5,10.09,11.86
27.38,147.2,71.54,80.37,26.77,31.3101,3.4,15.53,10.19,11.93
27.64,145.97,71.7,80.98,26.96,31.3964,3.39,15.56,10.25,11.82
27.3,143.34,70.95,79.43,26.91,31.5761,3.43,15.42,10.22,11.69
27.58,145.6,71.17,79.17,26.87,31.5546,3.42,15.73,10.23,11.93
28.01,145.31,72.05,78.92,26.85,31.5761,3.5,15.77,10.23,11.8
27.75,144.37,70.57,78.74,26.82,31.4611,3.61,15.7,10.35,11.73
27.2,141.39,68.83,78.6,26.85,31.5258,3.63,15.72,10.3,11.85
27.14,142.15,69.46,78.97,26.87,31.7199,3.65,15.71,10.25,11.99
27.17,142.03,69.2,79.62,26.91,31.6193,3.69,15.72,10.2,12.18
27.2,141.43,69.48,80,26.93,31.5977,3.7,15.73,10.15,12.35
27.65,140.61,70.25,80.36,26.93,31.4827,3.72,15.51,10.01,12.42
27.69,141.53,70.14,80.31,27.05,31.7631,3.73,15.47,9.98,12.38
27.7,140.81,69.78,80.44,26.88,31.9572,3.68,15.27,9.97,12.4
27.71,140.03,70.57,79.94,27.07,32.0578,3.69,15.23,9.96,12.61
28.25,141.28,71.43,80.01,27.27,32.1873,3.68,15.45,9.96,12.64
28.47,142.47,72.33,80.3,27.35,32.2016,3.7,15.59,9.99,12.88
28.44,141.62,72.97,80.57,27.4,32.3095,3.66,15.63,10.04,12.77
28.84,141.06,73.66,79.81,27.44,32.101,3.65,15.55,10.13,12.78
29.1,141.2,74.28,80.39,27.35,31.7918,3.66,15.48,10.18,12.85
29.1,141.2,74.28,80.39,27.35,31.7918,3.66,15.48,10.18,12.85
29.1,141.2,74.28,80.39,27.35,31.7918,3.66,15.48,10.18,12.85
29.35,141.13,74.62,80.16,27.33,31.8422,3.65,15.39,10.05,12.85
29.51,140.93,74.89,80.49,27.5,32.1369,3.68,15.46,10.15,12.9
29.57,141.3,75.81,80.34,27.3,31.9356,3.63,15.42,10.07,12.84
29.57,141.3,75.81,80.34,27.3,31.9356,3.63,15.42,10.07,12.84
29.68,140.55,76.5,80.22,27.31,31.9716,3.66,15.31,9.97,12.86
30.18,139.42,78.19,80.14,27.14,31.9428,3.66,15.24,9.93,12.78
30.33,141.55,77.85,79.97,27.08,31.8206,3.68,15.29,9.88,12.8
30.58,142.7,78.25,81.16,27.26,32.0363,3.73,15.23,9.98,12.83
30.55,143.3,78.04,81.62,27.21,32.0363,3.75,15.26,10.03,12.77
31.06,141.9,79.87,82.19,27.27,31.9644,3.75,15.15,10.03,12.44
30.96,142,79.26,81.61,27.28,31.8853,3.71,14.95,10.07,12.26
30.84,140.75,79.25,81.3,27.4,31.7415,3.71,14.83,10.13,12.09
31.53,141.83,80.62,80.88,27.25,31.4395,3.74,14.86,10.14,11.97
31.9,143,81.8,81.17,27.25,31.5258,3.71,14.82,10.1,11.85
31.66,142.16,81.26,80.58,27.02,31.4036,3.65,14.76,10.04,11.98
30.74,142.02,78.45,80.11,27,31.3245,3.6,14.6,9.94,12.11
30.78,142.38,78.83,79.9,26.95,31.2958,3.62,14.5,9.87,12.04
30.69,143.93,78.01,79.83,27.06,31.4324,3.57,14.47,9.79,12.1
30.78,145.4,78.15,78.85,27.36,31.4683,3.57,14.6,9.81,12.03
30.79,146.5,78.51,79.25,27.26,31.533,3.57,14.59,9.79,12.1
30.68,147.83,78.2,78.65,27.19,31.4324,3.57,14.64,9.89,12.15
30.85,147.56,78.81,78.65,27.09,31.5043,3.56,14.46,9.92,11.94
30.85,147.56,78.81,78.65,27.09,31.5043,3.56,14.46,9.92,11.94
30.73,149.84,79.08,79.19,26.98,31.684,3.62,14.67,9.97,11.99
30.34,147.5,78.56,79.09,26.97,31.5186,3.6,14.46,9.9,11.8
30.2,146.42,76.85,78.87,26.95,31.4971,3.67,14.56,9.9,12.13
30.66,146.01,77.7,80.01,27.28,31.7343,3.64,14.56,9.93,12.06
30.81,147.29,78.25,80.79,27.7,31.7415,3.67,14.52,9.98,12.2
30.15,146.44,76.5,79.8,27.66,30.3108,3.62,14.42,9.93,11.88
29.33,140.5,75.43,77.4,26.84,29.4768,3.51,14.24,9.61,11.46
29.86,142.4,78.31,76.79,26.76,29.52,3.5,14.59,9.66,11.8
29.45,142.95,77.54,76.51,26.92,29.4912,3.56,14.76,9.78,11.9
29.13,140.45,76.86,76.25,26.87,29.3115,3.49,14.3,9.81,11.82
29.56,140.26,78,75.88,26.81,29.1964,3.45,14.38,9.7,11.43
29.9,142.07,78.87,76.3,26.92,29.218,3.48,14.55,9.76,11.69
30.02,149.29,78.89,73.98,26.74,29.1461,3.43,14.21,9.6,11.82
31.39,151.5,82.09,73.86,27.04,29.369,3.45,14.1,9.58,11.89
31.52,153.39,82.48,74.02,27.05,29.2396,3.43,13.85,9.63,12.04
31.43,155.86,82,74.4,27.31,29.2971,3.44,14,9.74,12.05
31.3,156,81.6,74.26,27.39,29.3043,3.44,14.16,9.64,12.05
29.81,156.85,80.26,74.33,27.56,30.1886,3.43,14.06,9.57,12.04
30.2,158.32,80.12,74.65,27.64,30.1095,3.43,13.93,9.55,12.16
30.68,160.91,80.85,75.46,26.92,30.5768,3.48,14.16,9.64,12.37
30.86,163.33,80.6,76.6,27.48,29.7285,3.52,14.33,9.68,12.57
31.11,164.66,81.61,76.76,27.84,29.4049,3.49,14.01,9.62,12.49
30.5,163.17,81.16,76.39,27.61,29.7141,3.35,13.9,9.6,12.77
30.1,161.42,77.85,76.06,27.09,29.8722,3.32,14.1,9.51,12.75
29.63,160.05,76.86,75.73,26.92,29.5415,3.27,14.03,9.44,12.51
29.11,161.07,75.73,75.03,26.91,29.4624,3.3,13.96,9.42,12.55
29.72,163.43,76.09,75.69,27.09,29.6925,3.37,14.07,9.5,12.79
29.42,161.37,75.34,75.14,26.71,29.2468,3.35,14.06,9.26,12.37
28.82,163.48,75.81,76.17,26.81,29.333,3.39,14.17,9.29,12.28
28.32,163.75,73.8,76.87,26.9,29.4193,3.44,14.39,9.42,12.1
28.91,165.66,75.48,77.36,26.63,29.3115,3.44,14.28,9.41,12.11
28.67,165.94,74,77.05,26.69,29.4553,3.41,14.26,9.43,12.1
28.64,164.3,74.6,76.55,26.36,29.3905,3.32,14.09,9.41,12
28.86,164.23,76.06,75.78,26.45,29.6206,3.3,14.3,9.55,11.92
29.16,165.57,76.62,75.34,26.78,31.4899,3.35,14.34,9.67,12.07
29.23,166.59,76.64,74.89,26.75,31.3173,3.35,14.27,9.9,12.11
28.67,164.39,75.23,75.19,27,31.2023,3.37,14.25,9.99,12.22
28.92,163.73,75.23,75.78,27.13,30.9507,3.33,14.28,9.96,12.47
29.7,162.72,76.78,74.87,26.85,30.5912,3.27,14.06,9.95,12.29
28.77,158.75,73.44,72.81,26.54,30.0592,3.22,13.9,9.73,12.33
28.6,156.5,73.32,72.02,26.39,29.9082,3.2,13.83,9.74,12.4
28.99,158.55,74.16,72.43,26.56,29.9801,3.21,13.99,9.89,12.53
28.67,157.01,73.39,71.86,26.55,30.052,3.18,14.1,9.97,12.49
28.21,155.46,72.7,72.31,26.29,29.8794,3.14,14.17,9.98,12.36
28.21,155.46,72.7,72.31,26.29,29.8794,3.14,14.17,9.98,12.36
28.21,155.46,72.7,72.31,26.29,29.8794,3.14,14.17,9.98,12.36
28.71,156,74.19,72.26,26.46,29.8003,3.15,13.97,9.9,12.36
28.71,157.84,74.18,72.8,26.53,29.7716,3.13,13.98,9.94,12.5
28.51,159.22,73.3,73.8,26.6,30.016,3.11,14.14,9.83,12.6
28.64,157.99,73.22,73.49,26.63,29.9082,3.1,13.97,9.83,12.59
28.66,159.62,73.47,73.55,26.93,30.1454,3.11,14.05,9.89,12.81
28.88,158.29,75.5,74.36,26.92,30.1886,3.15,14.28,9.89,12.72
29.44,158.84,76.5,73.64,26.78,29.7213,3.1,14.15,9.79,12.42
29.64,159.29,76.7,73.09,26.64,29.5631,3.09,14.06,9.62,12.2
29.73,160.35,78.21,73.16,26.62,29.5056,3.1,14.06,9.58,12.08
29.98,161.15,77.96,72.62,26.63,29.5271,3.12,14.01,9.66,12.01
29.93,161.29,78.09,72.76,26.53,29.5847,3.15,14.21,9.68,11.9
30.07,160.16,78.96,72.41,26.7,29.786,3.12,14.03,9.71,11.68
30.92,159.8,81.42,72.4,26.51,29.7069,3.11,14.03,9.71,11.56
30.86,159.88,80.53,72.06,26.69,29.8363,3.08,13.96,9.64,11.34
31.23,159.54,81.66,72.67,26.74,30.203,3.09,13.96,9.61,11.25
31.27,161.75,79.52,73.46,27.02,30.8141,3.1,14.01,9.74,11.47
31.27,161.75,79.52,73.46,27.02,30.8141,3.1,14.01,9.74,11.47
31.03,165.65,79.4,72.25,27.41,31.0082,3.11,13.84,9.83,11.64
31.11,170.39,79.65,71.54,27.74,31.1951,3.15,13.73,9.91,11.92
30.95,170.36,79.86,71.82,27.86,31.4683,3.18,13.73,9.87,11.84
31.25,168.95,79.7,73.17,27.74,31.3245,3.2,13.77,9.8,11.84
31.2,169.71,80.01,73.46,27.99,31.3677,3.19,13.52,9.87,11.85
31.52,170.55,81.37,73.91,28.6,31.5043,3.22,13.31,9.88,11.96
31.49,170.21,80.94,72.76,28.6,31.4755,3.24,13.29,9.8,11.93
31.95,169.96,81,72.71,28.7,31.5905,3.25,13.3,9.82,11.95
31.81,172.44,81.1,73.5,28.55,31.6624,3.22,13.65,9.87,11.79
32.19,173.24,81.67,71.41,28.56,31.7199,3.25,13.97,9.97,11.95
32.75,176.08,82.95,70.98,28.67,31.5043,3.17,13.76,9.92,11.85
33.16,175.76,83.88,70.53,28.6,31.6552,3.2,13.89,9.85,11.95
33.79,176.9,84.5,70.8,28.74,31.8925,3.04,13.88,9.88,12.08
33.55,177.56,83.61,70.92,28.54,31.8565,2.87,13.85,9.82,11.83
34.01,178.34,84.68,70.79,28.61,32.0291,2.86,13.95,9.61,11.81
34.44,175.69,86.75,71.16,28.93,32.1657,2.87,13.83,9.39,11.81
34.08,182.95,85.81,70.5,29.03,32.3526,2.85,13.67,9.24,11.95
33.94,186.12,85,70.09,28.89,32.3886,2.8,13.72,9.3,12.03
33.71,184.33,84.6,70.25,28.7,32.1082,2.74,13.75,9.27,12.19
33.88,182.3,84.76,69.81,28.95,32.1801,2.78,13.82,9.25,12.07
33.91,183.1,83.91,69.59,29.01,32.4317,2.79,13.8,9.11,12.05
33.07,183.4,83.17,69.87,28.98,32.7265,2.87,13.75,9.11,12.19
32.11,183.1,83.12,69.61,28.83,32.4461,2.84,13.94,9.13,12.12
32.28,185.14,83,70.35,28.62,32.784,2.81,13.89,9.15,12
32.2,187.06,82.02,69.6,28.63,32.7624,2.79,14.02,9.06,12.1
32.79,185.85,82.97,69.3,28.46,32.7552,2.8,14.06,9.03,12.22
33.08,186.21,82.5,68.7,28.35,32.4533,2.78,13.86,9.05,12.52
33.2,188.56,83.1,69.69,28.39,32.6761,2.77,13.82,8.96,12.61
32.74,186.94,81.95,70.39,28.48,32.5467,2.77,13.64,9.02,12.83
33.39,189.64,84.01,69.23,28.72,32.8343,2.77,13.83,9.13,13.26
34.08,189.35,85.97,69.26,28.88,33.4167,2.78,13.94,9.17,13.21
34.07,189.19,86.6,69.37,28.87,33.3304,2.77,13.91,9.06,13.27
34.07,189.19,86.6,69.37,28.87,33.3304,2.77,13.91,9.06,13.27
33.69,191.18,85.1,68.85,29.2,33.7617,2.76,14.04,9.01,13.54
33.25,189.26,84.11,68.18,29.04,33.5461,2.76,14.06,9.07,13.66
33.38,186.79,84.62,67.45,28.98,33.7905,2.9,13.79,9.03,13.95
33.56,184.52,85.7,68.98,29.25,34.5166,2.94,13.98,9.19,14.02
32.76,186.59,84.01,69.7,29.38,34.4232,2.87,14.04,9.13,14.02
32.36,191.65,82.14,69.88,29.32,33.999,2.91,14.19,9.18,14.02
32.6,193.81,82.75,71.91,29.41,34.1715,2.77,14.11,9.02,14.01
32.76,198.5,83.1,72.9,29.94,35.0702,2.72,14.38,9,14.14
32.52,198.47,82.46,73.86,29.96,35.3722,2.68,14.33,9.04,14.06
32.98,197.84,83.25,72.16,30.03,35.1349,2.66,14.39,8.93,14.08
32.64,196.49,81.73,72.81,30.22,35.6454,2.66,14.52,8.91,14.1
33.23,195,82.08,72.61,30.3,35.5447,2.62,14.6,8.62,14.08
33.82,194.84,83.07,73.23,30.63,35.48,2.62,14.46,8.9,13.77
33.91,192.62,83.44,72.87,30.52,35.4872,2.62,14.41,8.88,13.68
33.6,194.46,83.3,72.7,30.46,35.1853,2.63,14.33,8.92,13.71
33.05,197.83,80.8,73.97,30.6,35.6957,2.69,14.23,9.21,13.86
33.05,197.01,80.13,73.59,30.63,35.4009,2.71,14.1,9.21,13.8
32.87,198.09,79.21,74.46,30.66,35.6598,2.76,14.12,9.08,13.95
33.15,198.22,79.76,75.67,30.65,36.2134,2.8,14.23,9.17,14.08
33.86,197.3,80.91,76.1,30.84,35.9473,2.8,14.27,9.21,13.9
34.23,195.86,81.62,74.43,30.84,35.4872,2.77,14.07,9.21,13.7
33.78,195.59,80.16,74.05,31.28,35.1421,2.75,14.1,9.2,13.56
33.57,200.6,79.95,75.21,31.3,35.5807,2.75,14.25,9.28,13.68
33.33,204.56,79.84,74.85,30.89,35.4081,2.75,14.35,9.41,13.57
33.07,198.64,79.41,74.24,31.08,35.6957,2.79,14.37,9.52,13.29
32.5,197.12,79.16,74.49,30.99,35.6166,2.76,14.36,9.49,13.54
33.57,199.61,79.51,75.02,31.07,35.7748,2.77,14.5,9.51,13.44
33.61,200.83,80.62,75.39,30.8,35.7748,2.76,14.55,9.59,13.41
32.91,203.2,80.08,75.9,30.91,35.9473,2.79,14.66,9.63,13.55
32.45,200.83,79.88,75.24,30.8,35.48,2.76,14.6,9.63,13.41
33.01,202.45,80.9,75.17,30.99,35.5807,2.76,14.75,9.7,13.38
33.75,199.07,82.1,74.76,30.2,35.2068,2.73,14.78,9.66,13.4
33.64,198.13,81.01,74.83,30.32,35.5519,2.72,14.82,9.7,13.54
34.4,199.34,81.38,75.36,30.18,35.4225,2.76,14.89,9.84,13.63
34.19,197.56,80.45,74.9,30.08,35.6094,2.81,15.05,9.81,13.61
34.86,196.61,81.2,74.79,30.09,35.5591,2.84,15.07,9.88,13.56
35.08,197.77,81.65,73.71,29.95,35.6885,2.84,15.11,9.88,13.3
33.92,196.63,77.65,73.68,29.79,35.746,2.83,15.24,9.89,13.55
33.38,198.51,76.54,72.83,29.72,35.8323,2.82,15.28,9.91,13.67
34.1,199.49,77.02,73.56,30.1,35.9042,2.86,15.28,9.89,13.59
33.62,201.57,76.4,72.89,29.84,35.9473,2.81,14.39,9.79,13.49
33.94,201.6,77.19,74.81,29.93,36.0983,2.81,14.03,9.76,13.35
33.96,200.61,75.94,75.37,29.69,36.0624,2.82,14.12,9.95,13.27
33.72,202.63,75.37,75.39,29.64,36.2205,2.84,14.25,9.69,13.36
33.31,202.3,74.2,74.94,29.66,36.1558,2.84,14.26,9.7,13.31
33.82,201.69,74.28,75.86,29.5,36.3715,2.89,14.24,9.78,13.4
33.7,214.58,73.75,73.99,29.7,37.529,2.89,14.32,9.97,13.5
32.84,216.67,72.92,74.12,29.7,37.7447,3.06,14.32,10.11,13.49
32.74,215.85,73.12,74.29,29.6,37.7663,3.08,14.35,9.94,13.48
33.17,218.5,73.35,73.61,29.41,37.263,3.08,14.28,9.95,13.72
32.55,219.05,73,72.95,28.7,36.6519,3.05,13.76,9.9,13.82
32.08,216.9,71.69,71.88,28.52,36.3715,3.27,14.14,9.89,13.86
32.48,218.1,71.98,70.75,28.25,36.4578,3.34,14.14,9.96,14.42
32.71,224.43,71.93,70.89,28.8,37.0186,3.21,14.38,10.6,14.49
33.08,224.8,72.78,71.19,28.77,37.2055,3.23,14.24,10.74,14.58
33.38,224.78,73.48,71.73,28.7,36.9826,3.18,14.25,10.86,14.77
33.81,223.35,73.62,73.23,28.4,37.2343,3.14,14.24,10.88,14.8
33.78,226.3,73.14,72.15,28.18,37.1408,3.23,14.11,10.91,14.98
33.21,227.31,72.74,71.24,28.3,36.9898,3.1,14.3,10.97,14.99
33.01,229.43,71.77,71.21,28.5,36.9682,3.02,14.24,10.95,14.53
33.08,230.28,71.4,70.73,28.48,37.0114,3.04,14.31,10.95,14.31
32.2,227.44,69.68,70.11,28.38,36.5656,3.02,14.25,10.89,13.93
31.4,217.16,70.3,70.14,28.24,36.6375,3.12,14.32,10.96,13.56
31.3,210.65,71.5,70.51,28.29,36.9467,3.13,14.03,10.92,13.72
31.2,212.21,70.95,70.75,28.24,36.997,3.11,13.98,11.14,13.6
31.2,210.63,71.32,71.87,28.54,36.9107,3.2,14.05,11.22,13.84
31.1,211.95,71.06,71.93,28.42,37.1048,3.18,14.08,11.32,13.77
31.31,206.34,72.27,71.18,27.5,36.4722,3.17,13.94,11.18,13.84
31.82,210.62,73.15,71.5,27.41,36.2493,3.19,13.86,11.1,13.87
31.61,208.23,73.01,71.75,27.45,36.6232,3.24,13.76,11.04,13.75
31.48,205.29,73.16,71.92,27.6,36.3212,3.21,13.67,10.95,14.03
32.4,202.49,75.4,72.09,27.7,36.4578,3.16,13.62,10.79,13.91
32.77,206.88,78.1,71.88,27.3,35.7676,3.14,13.5,10.69,13.95
33.58,207.12,79.49,71.94,27.55,35.8323,3.15,13.66,10.69,13.86
33.83,204.32,78.52,71.57,27.65,35.8179,3.16,13.63,10.65,13.96
34.1,204.91,79.11,70.8,27.73,35.5304,3.17,13.64,10.9,13.82
34.5,202.99,80.03,70.18,28.08,35.7676,3.19,13.6,10.93,13.65
34.48,202.02,79.23,70.08,28.04,35.7317,3.19,13.6,10.79,13.63
34.63,201.11,78.76,71.41,28.08,35.8395,3.19,13.68,10.9,13.78
34.61,203.31,78.65,70.42,27.9,35.5088,3.18,13.57,10.95,13.89
34.7,199.33,78.07,69.57,28.04,35.099,3.19,13.46,10.89,13.82
35.08,198.52,79.5,69.61,27.97,35.4441,3.21,13.55,10.94,13.78
35.41,199.61,79.95,69.92,27.9,35.5375,3.25,13.47,11,13.82
35.5,200.02,80.06,70,28.35,35.6382,3.25,13.5,10.94,13.61
34.5,197.12,78.76,69.35,28.3,35.4585,3.19,13.4,10.74,13.54
34.63,188.21,78.71,68.75,28.24,35.0774,3.18,13.26,10.63,13.07
34.72,191.8,79.17,68.97,28.12,35.1925,3.21,13.12,10.6,13.32
33.4,185.5,76.61,67,27.82,34.114,3.11,13.33,10.39,12.66
33.84,188.89,78.03,67.03,27.63,34.0278,3.08,13.3,10.43,13.03
33.34,188.92,77.5,65.63,27.46,33.9199,3.1,13.19,10.24,13.12
33.9,188.36,78.7,65.77,27.49,34.0853,3.07,13.18,10.35,12.9
33.66,193,78.51,66.9,27.8,34.1644,3.06,13.38,10.53,13.08
33.2,188.81,78.79,67.22,28.03,34.0062,3.16,13.22,10.57,13.05
33.1,188.06,77.45,67.92,28.1,34.0062,3.17,13.19,10.59,12.96
33.16,184.73,78.28,67.34,28.04,34.3369,3.16,13.06,10.42,12.7
32.79,181.15,77.67,66.61,27.9,33.8768,3.12,12.93,10.4,12.39
32.07,182.1,77,66.86,27.81,33.9415,3.14,12.85,10.74,12.46
30.8,174.69,73.52,65.27,27.55,32.7984,3.05,12.71,10.55,12.14
31.2,176.9,74.16,65.81,27.31,32.784,3.05,12.92,10.48,12.16
31.65,183.4,74.7,66.64,27.98,33.0356,3.11,13.11,10.47,12.23
32.22,187.44,76.5,68.16,28.31,33.4526,3.12,13.1,10.56,12.56
32.21,188,76.4,69.23,28.43,33.5173,3.08,13.3,10.62,12.53
33.11,188.28,78,68.94,28.7,32.8918,3.02,13.19,10.46,12.76
33.5,192.18,78.37,68.35,28.6,32.7696,3.06,13.21,10.52,13
33.11,187.52,79.61,67.98,28.81,33.0428,3.03,13.16,10.52,12.69
33.55,187.01,81.25,68.95,29,33.5245,3.06,13.37,10.57,12.71
33.39,188.32,81.25,69.35,29.05,33.5676,3.09,13.44,10.6,12.84
33.33,191.1,81.48,70.62,29.35,34.114,3.04,13.45,10.67,13.06
33.41,190.58,81.23,70.95,29.42,34.0925,3.04,13.65,10.56,12.93
33.41,192.87,82.58,71.77,29.83,34.2363,3.07,13.76,10.79,13.14
32.85,187.89,80.51,70.9,29.6,34.1428,3.03,13.56,10.55,12.64
32.11,183.6,78.44,69.21,29.16,33.1722,3.05,13.56,10.48,12.4
32.04,184.26,77.84,68.86,28.95,32.6186,3.04,13.65,10.42,12.5
32.36,183.67,79.31,68.9,28.76,31.9141,3.04,13.5,10.33,12.34
32.4,182.3,79.44,68.5,28.65,31.533,3.03,13.49,10.26,12.25
32.69,175.75,79.88,69.2,28.52,31.7918,3.01,13.45,10.32,12.09
31.6,178.77,77.3,70.06,28.87,31.96,3,13.36,10.49,12.05
31.78,184.81,77.02,70.63,28.91,31.32,2.97,13.27,10.52,12.19
31.55,182.32,76.78,71.3,29.24,31.89,2.92,13.36,10.4,12.28
30.43,179.7,74.05,71.36,29.25,31.5,2.87,13.49,10.37,12.5
30.87,179.5,73.6,72.21,29.6,31.67,2.95,13.34,10.48,12.56
30.61,179.78,72,72.09,29.79,31.46,2.94,13.32,10.53,12.25
30.98,180.8,73.25,72.43,29.83,31.51,2.96,13.43,10.48,12.47
30.69,177.4,73.28,71.23,28.92,31.59,2.93,13.43,10.27,12.47
31.82,183.49,74.99,71.55,29.15,31.71,2.98,13.3,10.26,12.46
31.62,181.78,73.51,70.8,28.92,30.95,3.01,13.42,10.24,12.17
31.83,179.75,73.71,70,28.97,31.26,3.02,13.5,10.28,11.86
31.4,179.24,72.21,69.67,29.02,31.73,3.04,13.39,10.22,11.86
31.18,183.9,72.32,70.37,29.23,31.95,3.08,13.49,10.33,11.75
31.29,176.64,71.95,68.27,28.74,31,3.04,13.25,10.05,11.66
31.72,180.38,72.88,68.43,28.4,31.06,3.07,13.31,10.13,11.83
32.19,182.7,74.1,70.08,28.47,31.34,3.03,13.33,10.1,11.85
32.81,181.65,75.69,70.18,28.49,31.28,2.93,13.24,10,11.68
32.4,180.15,74.57,68.81,28.31,31.28,2.87,13.26,9.9,11.33
33.53,183.74,76.17,69.26,28.64,31.94,2.9,13.36,10.11,11.75
33.5,181.37,76.05,68.6,28.48,32.09,2.91,13.25,10.05,11.66
33.49,178.15,76.6,69.4,28.66,31.95,2.88,13.27,10.02,11.89
32.62,175.65,75.11,68.92,28.72,31.88,2.85,13.1,10.08,11.66
33.36,177.73,75.66,68.48,28.67,31.43,2.74,13.03,10.04,11.94
33.5,178.26,77.22,68.65,28.78,31.59,2.78,13.02,9.92,12.09
33.5,178.26,77.22,68.65,28.78,31.59,2.78,13.02,9.92,12.09
33.5,178.26,77.22,68.65,28.78,31.59,2.78,13.02,9.92,12.09
34.15,184.29,77.66,70.33,29.3,32.25,2.82,13.21,10.18,12.43
33.95,186.49,78.08,71.91,29.55,32.53,2.83,13.33,10.23,12.45
34.23,185.16,78.47,72.39,29.42,32.22,2.85,13.25,10.15,12.36
34.23,185.16,78.47,72.39,29.42,32.22,2.85,13.25,10.15,12.36
33.68,185.38,76.65,70.97,29.15,31.55,2.77,13.27,9.98,12.11
33.68,189.45,76.65,71.84,29.33,31.75,2.85,13.28,10.06,12.37
33.38,188.53,76.83,71.89,29.3,32.08,2.89,13.18,10.07,12.46
34.39,187.5,78.9,72.57,29.6,32.22,2.85,13.37,10.15,12.52
34.43,189.92,79.3,72.47,29.68,32.22,2.9,13.19,10.24,12.39
34.3,195.1,80.02,72.33,29.8,32.02,2.91,13.25,10.43,12.61
33.14,196.47,80.13,72.45,29.87,31.97,2.89,13.35,10.48,12.77
32.79,195.2,79.65,71.66,29.64,31.95,2.93,13.35,10.53,12.76
32.71,194.38,79.4,71.92,29.71,31.26,2.92,13.4,10.51,13.03
33.06,197.91,80,72.65,29.68,32.08,2.9,13.36,10.51,13.11
32.93,197.29,79.64,72.55,30.02,32.29,2.93,13.4,10.58,13.25
32.87,196.38,80.4,72.77,30.04,32.27,2.92,13.36,10.57,13.28
33.11,196.19,80.65,73.23,29.96,32.5,2.92,13.39,10.6,13.13
33.2,195.78,80.51,73.05,29.9,32.73,2.93,13.44,10.67,13.11
32.77,195.7,80.01,72.18,29.89,32.6,2.92,13.5,10.73,13.14
32.63,197.5,79.6,72.13,30.2,32.51,2.91,13.5,10.7,13.23
32.62,198.86,79.6,72.51,30.52,32.58,2.95,13.62,10.69,13.06
33.05,199.16,80.47,72.54,30.52,32.85,2.96,13.68,10.74,12.86
33.05,199.16,80.47,72.54,30.52,32.85,2.96,13.68,10.74,12.86
33.74,194.49,83.53,71.35,30.03,32.46,3.19,13.58,10.71,12
34.6,194.73,87.3,71.24,29.61,32.49,3.19,13.54,10.6,11.87
34.83,194.72,87.05,69.91,29.37,32.21,3.11,13.65,10.64,11.98
35,194.44,87.57,69.76,29.44,32.21,3.08,13.79,10.71,12.04
35,193.77,86.67,70.3,29.64,32.34,3.13,13.85,10.72,12.03
35.39,193.03,89.26,73.6,29.77,32.67,3.16,13.86,10.88,12.23
35.98,188.82,90.98,72.6,29.92,33.01,3.19,14.06,11.08,12.39
35.87,192.6,92.2,74.06,30.1,33.43,3.19,14.26,11.24,12.61
35.33,194.53,90.57,74.75,30.36,33.3,3.24,14.29,11.14,12.78
36.04,191.29,92.2,73.82,30.3,33.21,3.22,14.56,11.2,13
36.28,193.69,92.02,73.33,30.37,33.14,3.23,14.63,11.23,13.07
36.08,186.09,91.06,71.21,30.13,33.2,3.21,14.8,11.28,13.2
36.67,187.29,91.9,70.59,29.8,33.28,3.14,14.66,11.27,13.08
36.47,185,91.3,70.81,30.03,33.3,3.18,14.74,11.24,12.96
37,187.04,92.6,70.97,30.24,33.46,3.21,14.74,11.07,12.75
37.01,184,92.52,71.67,30.25,33.26,3.25,14.85,11.39,12.85
37.94,185.35,94.94,71.66,28.69,32.72,3.2,14.85,11.33,12.8
37.85,185.5,94.69,73.1,28.35,34.97,3.22,15,11.6,13.73
37.69,186.5,94.7,73.85,28.65,35.17,3.24,14.91,11.6,13.8
38.03,189.09,95.13,73.76,28.79,35.22,3.21,15.03,11.93,13.84
37.55,187.25,94.56,73.15,28.6,32.7,3.17,15.02,11.67,13.95
37.68,187.94,95.12,73.65,28.98,32.84,3.13,14.95,11.71,13.8
37.23,193.76,96.16,73.95,28.67,33.18,3.13,15.05,11.76,14.07
37.18,195.66,94.92,74.35,28.83,33.39,3.13,14.95,11.95,14.36
37.62,198.91,96.43,74.05,29.27,33.7,3.13,14.75,11.99,13.94
37.3,197.99,95.61,74.06,29.75,33.74,3.16,14.75,11.86,14.12
37.62,198.13,96.65,74.75,30.06,34.13,3.18,14.78,11.86,14.34
37.37,199.52,92.05,74.68,30.16,34.46,3.23,14.93,11.96,14.55
36.88,199.41,90.6,73.18,30.25,34.49,3.22,14.9,11.94,14.38
36.52,198.88,89.99,73.15,29.95,34.44,3.24,14.8,11.85,14.43
36.91,198.61,91.13,73.13,30.07,34.35,3.23,14.89,11.83,14.26
36.87,196.34,90.91,73.05,30.21,34.65,3.26,14.8,11.82,14.14
37.16,196.19,91.77,72.93,30.23,34.41,3.26,14.83,11.87,14.57
36.48,195.93,91.65,72.31,30.23,34.56,3.26,14.85,11.92,14.54
36.98,196.8,93.17,71.81,30.3,34.62,3.26,14.82,11.92,14.77
37.59,193.58,94.75,71.33,30.36,34.65,3.29,14.82,11.94,14.6
37.2,194.44,92.09,70.79,30.41,34.8,3.26,14.96,11.93,14.53
37.68,194.23,93.5,71.13,30.48,34.56,3.28,14.99,12.06,14.79
37.61,197.19,94.17,71.43,30.51,34.8,3.28,15.19,12.11,14.87
37.13,195.3,93.13,70.78,30.4,35.03,3.3,15.21,11.91,14.88
37.55,194.24,93.8,70.71,30.23,33.8,3.31,15.21,11.85,14.75
37.9,192.33,95.23,70.84,30.23,34.04,3.32,15.23,11.83,14.91
38.24,193.6,96.41,70.91,30.48,34.92,3.31,15.36,11.95,14.95
38.49,194.94,97.91,70.64,30.4,34.65,3.32,15.39,11.76,14.92
39.05,197.58,99.53,71.36,31.08,34.48,3.3,15.49,11.8,14.95
39.03,200.21,98.43,71.38,30.85,34.48,3.27,15.36,11.8,15.2
39.91,202.36,100.32,71.39,30.81,34.92,3.31,15.48,11.95,15.14
39.42,199.25,99.63,71.23,30.69,34.69,3.28,15.43,11.82,14.89
39.22,196.88,99.91,70.89,30.4,34.21,3.27,15.32,11.67,14.59
39.89,200.54,101.48,70.67,30.45,34.43,3.27,15.56,11.79,14.52
40.03,201.6,101.58,70.25,30.17,34.14,3.3,15.43,11.74,14.31
39.89,201.47,101.83,70.75,30.38,34.26,3.29,15.35,11.8,14.32
39.64,199,100.48,70.26,30.44,34.29,3.31,15.55,11.84,14.3
39.58,197.86,100.5,71.63,31,34.73,3.33,15.7,11.98,14.25
39.54,195.54,100.75,72.19,31.14,34.44,3.34,15.66,11.96,14.42
39.37,196.7,101.2,72.69,31.31,34.86,3.29,15.56,11.83,14.63
38.3,193.03,96.4,73.29,31.06,34.74,3.36,15.38,11.98,14.56
38.23,190.51,97.74,73.41,31.22,34.99,3.41,15.38,11.87,14.41
38.23,190.51,97.74,73.41,31.22,34.99,3.41,15.38,11.87,14.41
38.23,190.51,97.74,73.41,31.22,34.99,3.41,15.38,11.87,14.41
38.33,190.37,99.21,74.2,31.67,35.61,3.39,15.54,11.91,14.75
38.2,195,98.39,75.16,31.94,35.99,3.38,15.97,12.08,15.03
38.2,195,98.39,75.16,31.94,35.99,3.38,15.97,12.08,15.03
37.6,196.98,97.62,75.45,31.99,35.99,3.37,16.18,12.26,15.03
37.82,198.14,97.75,75.11,31.71,35.8,3.36,16.07,12.08,14.93
37.4,198.57,95.37,74.52,31.85,36.01,3.38,16.03,12.05,14.98
37.48,200.39,95.58,75.5,31.97,35.79,3.4,16.14,12.18,14.62
37.02,201.25,94.45,74.86,32.23,35.65,3.36,16.23,12.16,14.75
36.94,199.87,94.43,74.98,32.84,36.37,3.38,16.28,12.23,15.04
36.8,198.9,93.94,74.94,32.51,35.73,3.36,16.4,12.08,14.56
37.3,198.59,96.05,74.61,32.35,36,3.36,16.3,12.06,14.69
37.18,197.25,95.95,74.74,32.65,36.08,3.29,16.26,11.95,14.72
36.98,197.16,95.35,75.17,32.84,36.25,3.38,16.03,12.19,14.9
36.8,197.25,95.27,75.4,32.99,36.59,3.41,16.06,12.27,15.04
36.93,200.05,96.03,73.5,33.17,36.62,3.45,16.33,12.41,15.31
36.52,197.79,96.22,72.57,33.29,36.3,3.45,16.4,12.26,15.29
37.2,200.84,98.31,72.54,33.27,36.32,3.46,16.4,12.36,15.4
37.54,202.98,99.28,73.33,33.44,36.07,3.51,16.5,12.51,15.31
38.46,206.51,101.35,72.83,34.18,36.36,3.56,16.6,12.58,15.46
38.21,206.37,102.4,77.4,34.82,36.71,3.54,16.47,12.5,15.42
37.94,206.24,101.27,78.97,33.75,36.66,3.59,16.57,12.48,15.35
38.07,206.68,101.7,79,33.76,37.12,3.58,16.44,12.39,15.45
37.32,206.2,100.98,78.15,33.61,37.7,3.6,16.38,12.4,15.63
37.45,206.42,101.25,78.18,32.7,37.63,3.62,16.25,12.17,15.8
37.94,206.65,103.02,77.64,32.3,37.84,3.53,16.16,12.19,15.3
38.6,207.28,105.31,78.04,32.09,37.95,3.56,16.21,12.18,14.5
38.36,204.5,104.53,77.89,31.59,37.33,3.57,16.1,12.13,14.54
37.7,203.57,101.05,78.2,31.49,36.96,3.63,15.98,12.16,14.47
37.76,205.49,100.3,78.51,31.37,37.05,3.65,16.48,12.11,14.47
36.81,204.63,97.11,77.91,31.18,36.75,3.59,16.12,12.08,14.26
37.31,203.07,98.56,78.42,31.48,37,3.66,16.18,12.31,14.15
37.54,201.33,99.51,79.39,31.19,37.21,3.65,16.13,12.54,14.29
37.05,200.86,96.72,79.72,31.33,37.96,3.69,15.77,12.68,14.61
37.84,203.8,98,80,31.51,37.65,3.72,15.72,12.73,14.8
37.84,203.8,98,80,31.51,37.65,3.72,15.72,12.73,14.8
38.7,212.5,100.55,80.95,32.05,38.56,3.75,15.89,13.09,14.58
39.75,207.84,102.41,79.87,32.2,38.25,3.77,16,12.94,14.54
39.56,212.64,101.85,80.42,32.4,36.28,3.84,16.06,13.04,14.42
40.3,212.87,105.34,79.77,32.29,35.66,3.87,15.65,12.97,14.24
40.16,211.42,103.86,80.19,32.3,35.78,3.8,15.71,13.02,14.19
40.16,215.2,103.7,81.45,32.62,36.42,3.81,15.6,13.03,14.21
40.98,218.15,105.71,82.3,32.75,36.28,3.84,15.59,13,14.66
40.85,219.46,101.47,82.89,33.12,36.65,3.86,15.51,13.02,14.62
41.03,212.5,101.54,82.24,32.99,36.41,3.78,15.54,12.91,14.39
41.2,213.49,101.73,82.7,33,36.42,3.84,15.78,12.87,14.54
41.24,214.37,102.38,82.38,33.25,36.63,3.86,15.96,12.78,14.73
41.16,215.82,103.16,82.19,33.24,36.27,3.82,16.34,12.85,14.57
41.95,215.19,106.26,83,33.39,36.59,3.86,16.45,12.96,14.66
41.16,215,103.76,82.78,33.23,36.16,3.85,16.19,12.88,14.83
41.68,216.56,104.75,82.32,33.02,36.1,3.83,16.2,12.75,15.18
42.04,218.01,106.45,81.05,32.93,36.14,3.81,16.32,12.64,15.19
42.08,217.25,107.05,80.95,33.82,36.41,3.86,16.68,12.74,15.3
41.85,221.12,106.2,81.57,34.06,36.42,3.86,16.58,12.65,15.34
41.29,224.65,103.93,82.26,34.31,37.15,3.88,16.62,12.36,15.49
40.56,221.3,102.91,81.28,33.92,37.05,3.85,16.37,12.26,15.19
41.03,220,104.35,80.97,34.14,37.07,3.88,16.14,12.31,15.07
40.96,220.19,103.67,81.24,34.49,37.46,3.87,15.77,12.35,15.16
41.23,221.74,104.51,81.24,34.38,37.58,3.9,15.62,12.23,15.15
40.97,221,103.55,81.52,34.23,37.76,3.89,15.8,12.24,15.13
41,221.36,103.91,81.06,34.1,37.87,3.81,15.71,12.15,14.95
41.16,222.59,103.25,80.85,34.06,38.03,3.74,15.64,12.22,14.75
41.74,224.08,103.2,81.32,34.3,38.41,3.79,15.56,12.3,14.96
41.12,224.43,102.36,81.38,34.08,38.12,3.81,15.8,12.47,15.17
41.06,224.78,102.32,82.09,34.33,38.45,3.84,15.92,12.49,15.3
41.34,221.81,103.17,81.85,34.5,38.48,3.8,15.61,12.33,15.6
41.58,222.93,102.76,81.55,34.65,38.89,3.81,15.4,12.42,15.73
41.33,223.34,100.51,82.35,34.93,39.3,3.86,15.5,12.65,15.59
40.59,228,96.29,83,35.38,39.87,3.88,15.5,12.97,15.9
40.85,226.69,98.26,82.59,35.23,39.74,3.84,15.71,12.98,15.61
40.6,228.85,98.78,83.25,35.38,40.05,3.9,15.87,13.05,15.82
40.83,230.22,99,83.4,35.48,39.84,3.95,15.76,13.11,16.04
40.76,229.62,98.9,82.3,35.62,39.19,3.97,15.53,13.12,15.77
40.26,228.9,97.81,81.92,35.58,39.63,3.95,15.61,13.17,15.63
38.78,232.03,94.77,81.88,35.77,38.86,3.98,15.63,13.31,15.66
37.38,226.45,91.49,81.21,35.59,39.16,3.93,15.57,13.08,15.28
37.1,217.43,91.39,79.8,34.71,37.89,3.83,15.25,12.73,15.12
36.75,218.88,89.5,78.7,35.5,38.68,3.9,15.26,12.92,15.26
37.3,222.79,88.52,78.96,35.5,39.09,3.99,15.47,13,15.4
37.29,220.02,87.69,79.42,35.4,38.79,3.98,15.54,13.13,15.28
37.01,222.78,85.28,79.94,35.64,39.11,3.93,15.43,13.04,15.37
37.01,219.5,85.8,79.46,35.88,38.66,3.93,15.16,12.99,15.28
37.42,234,87.94,76.63,35.74,39,3.94,15.14,12.99,15.53
36.39,226.61,85.6,74.34,34.78,37.73,3.87,14.54,12.67,15.13
36.17,227.4,84.72,75.12,34.99,37.84,3.77,14.39,12.66,15
36.25,229.52,84.96,76.29,35.35,38.22,3.77,14.57,12.78,15.06
36.3,234.45,85.83,77.13,36.12,38.98,3.78,14.81,13.01,15.07
35.25,235.3,83.7,77.02,36.1,38.79,3.67,14.66,11.79,14.92
35.2,238.86,84.21,77.1,36.01,38.9,3.69,14.37,11.33,14.79
35.42,238.35,85,77.4,35.99,39.35,3.74,14.37,11.28,14.67
34.69,233.9,82.78,76.76,35.67,38.69,3.7,14.08,11.19,14.45
34.95,234.05,83.76,77.15,35.97,39.1,3.74,14.44,11.1,14.28
35.42,233,85.83,76.8,36.18,39.28,3.68,14.62,11.19,15.08
35.5,235.43,85.68,77.41,36.38,39.31,3.66,14.4,11.22,15.31
36.29,240.87,87.58,79.05,37.77,39.1,3.72,14.46,11.3,15.57
36.58,239.85,88.83,78.94,37.24,38.61,3.64,14.43,11.12,15.89
36.43,240.03,88.15,78.78,36.71,38.33,3.61,14.5,11.36,15.74
36.32,236.45,88.41,78.69,36.68,38.54,3.57,14.34,11.27,15.64
36.07,239.65,90.03,79.25,37.55,39.21,3.59,14.34,11.32,16.06
36.31,241.99,90.37,79.54,38.06,39.54,3.61,14.42,11.27,16.51
36.13,239.55,90.31,79.81,37.95,39.67,3.6,14.24,11.3,16.36
36.32,233,90.04,79.89,37.68,39.25,3.56,14.04,11.17,16.22
36.92,231.44,92.1,80.6,36.63,39.62,3.56,14.58,11.2,15.84
36.97,231.6,92.68,81.35,36.7,39.37,3.59,14.56,11.17,15.44
37.13,230.69,93.29,82.14,36.43,39.4,3.61,14.79,11.28,15.42
38.3,230.38,94.11,81.69,36.24,39.3,3.57,14.63,11.19,15.41
37.89,234.82,92.65,82.24,36.91,38.98,3.57,14.28,11.29,15.67
37.79,234.77,92.92,81.74,36.83,38.78,3.55,14.45,11.26,15.46
37.68,235.02,93.04,82.18,37.14,39.3,3.64,14.5,11.45,15.72
37.75,234.5,92.44,82.18,37.43,39.67,3.65,14.27,11.47,15.69
37.62,236.69,92.84,82.05,37.57,39.91,3.65,14.26,11.31,15.76
37.25,237.82,93.04,82.1,37.7,40.17,3.61,14.17,11.3,15.84
36.53,236.69,91.01,81.58,37.55,39.81,3.54,14.26,11.27,15.72
36.5,233.84,91.13,81.18,37.38,39.77,3.46,14.26,11.27,15.7
36.84,234.3,91.6,81.54,37.54,40.35,3.51,14.31,11.4,15.73
36.72,233.69,92.67,80.83,37.28,39.8,3.51,14.25,11.4,16.05
37,238.4,92.6,81.28,37.59,40.19,3.54,14.42,11.52,16.29
36.3,234.65,91.09,79.6,37.09,39.42,3.52,14.17,11.35,16.18
35.15,229.03,87.25,77.34,36.29,38.75,3.4,13.9,11.02,15.77
35.3,236.34,87.65,77.59,36.32,38.67,3.42,14.04,10.94,15.97
35.38,239.59,87.6,77.94,36.81,38.97,3.47,13.9,10.94,16.27
35.61,240.5,88.58,78.6,37.06,39.4,3.46,13.86,11,16.43
35.13,238.86,87.75,78.18,36.7,38.69,3.49,13.64,11.01,16.29
35.07,239.81,87.92,78.1,37.02,38.96,3.51,13.8,11.4,15.96
35.82,244.54,89.97,78.77,37.11,39.26,3.57,13.95,11.6,15.96
36.53,243.74,91.91,79.07,37.27,39.66,3.51,14.13,11.41,17.08
36.08,248.39,90.6,79.31,37.38,39.53,3.54,14.07,11.53,17.48
36.04,253,89.81,80.43,38.31,40.65,3.61,14.14,11.66,18.03
34.86,252.59,87.22,80.11,37.93,40.45,3.59,13.97,11.66,17.67
34.79,250.97,87.87,79.64,37.49,40.29,3.58,14.07,11.94,17.55
34.98,249.42,88.12,79.79,37.48,40.71,3.6,14.11,12.13,17.6
35.39,250.75,89.43,79.66,37.45,40.32,3.61,14.2,12.13,17.68
35.4,250.64,89.8,79.94,37.33,40.27,3.57,14.09,12.16,17.57
35.75,252.75,90.39,80.29,37.55,40.56,3.54,14.04,12.11,17.7
35.77,256.77,90.81,80.7,37.93,41.05,3.56,14.03,12.23,17.8
36.17,256.23,91.25,80.48,37.8,41,3.56,14.13,12.17,17.93
36.62,256.87,92.2,80.46,37.73,40.91,3.55,13.85,12.02,17.78
36.2,255.41,91.2,79.69,37.2,40.23,3.49,13.75,11.9,17.68
35.95,256.03,90.88,78.66,37.32,39.76,3.49,13.93,11.97,17.78
35.7,258.65,90.49,78.24,37.66,39.96,3.52,13.99,11.98,17.88
36.48,259.55,93.69,77.05,37.71,40.2,3.52,14.13,12.03,18.19
36.95,260.75,94.84,77.7,37.69,40.41,3.5,14.25,12.09,18.35
37.5,258.5,95.11,78,37.37,39.85,3.47,14.25,11.94,18.37
37.35,261.31,95.16,79.04,38.19,40.82,3.51,14.35,12.03,18.61
37.3,261.34,95.23,79.17,37.68,40.81,3.51,14.5,12.03,18.87
37.18,270.56,92.98,80.05,37.99,41.26,3.53,14.45,12.09,19.23
37.1,266.51,93.36,80.83,38.05,41.21,3.53,14.38,12.09,19.28
36.79,266.91,91.8,79.24,37.8,40.77,3.49,14.32,12.11,19.36
36.81,269.67,92.36,79.77,38.72,41.16,3.58,14.63,12.29,19.72
37.28,274.74,93.54,80.69,38.96,42.01,3.6,14.7,12.41,19.53
37.36,271.99,94.35,80.34,38.9,42.17,3.55,14.59,12.29,19.4
37.47,274.27,95.2,80.67,39.37,42.58,3.6,14.77,12.43,19.39
37.24,270.17,94.41,79.6,38.79,42.23,3.58,14.74,12.31,19.41
36.73,267,93.3,79.33,38.54,42.15,3.56,14.52,12.14,19.5
37.19,269.65,94.05,79.6,39.08,42.1,3.56,14.81,12.37,19.33
37.85,273.41,95.92,79.89,39.02,42.05,3.63,15,12.5,19.62
37.9,279.73,95.98,80.74,39.18,41.78,3.61,15.15,12.54,19.62
38.35,279.99,97,81.69,39.68,42.4,3.71,15.11,12.55,20.25
38.5,282.99,97.39,81.6,39.65,42.41,3.86,15.3,12.67,20.47
38.23,283.48,96.9,80.82,39.76,42.37,3.86,15.25,12.55,20.93
38.31,286.1,97.52,81.43,39.77,42.34,3.85,15.2,12.54,20.84
37.77,277.9,97.02,79.34,38.43,41.23,3.73,14.84,12.37,20.24
36.83,277.19,95.03,77.81,37.72,40.34,3.65,14.76,12.14,20.25
37.41,277.71,95.79,78.62,38.02,40.9,3.69,14.94,12.3,20.54
37.36,281,95.79,78.99,38.36,40.91,3.7,15.01,12.36,20.42
38.05,277.95,97.42,79.26,38.28,40.83,3.72,15.17,12.43,20.19
38.46,278.34,98.71,79.23,38.25,40.63,3.71,15.16,12.3,20.71
38.6,282.15,99.1,80.31,38.43,40.92,3.77,15.2,12.18,20.64
38.6,279.19,99.02,79.72,37.97,40.83,3.69,15.28,11.98,20.97
39.35,278.12,100.6,80.06,37.42,40.95,3.67,15.37,12.07,20.49
39.99,285.1,101.78,81.46,37.63,41.75,3.72,15.48,12.16,20.78
40.2,284.72,103.3,81.9,37.54,41.78,3.71,15.48,12.36,21.06
40.05,287,102.24,81.9,37.88,42.05,3.72,15.57,12.36,21.44
39.79,282.56,102.26,81.73,37.84,41.9,3.69,15.73,12.22,21.83
39.72,281.47,103.66,81.25,37.24,41.78,3.68,15.7,12.21,21.3
39.22,278.64,101.83,80.84,37.56,41.85,3.67,15.68,11.98,21.31
39.23,282.29,102,80.71,37.37,41.79,3.65,15.74,12.08,21.28
39.23,282.29,102,80.71,37.37,41.79,3.65,15.74,12.08,21.28
39.23,282.29,102,80.71,37.37,41.79,3.65,15.74,12.08,21.28
39.64,280.42,102.51,81.07,37.41,41.81,3.66,15.75,12.04,21.36
39.42,281.96,101.6,81.1,37.44,41.98,3.64,15.67,12.02,21.4
38.92,275.76,100.4,79.9,36.16,41.4,3.54,15.57,11.72,21.1
38.92,275.76,100.4,79.9,36.16,41.4,3.54,15.57,11.72,21.1
38.95,275.04,101.15,79.88,36.28,41.44,3.58,15.48,11.64,20.97
39.15,277.3,101.36,80.31,36.35,41.84,3.59,15.31,11.67,21.21
39.4,276.8,101.13,79.77,36.31,42.2,3.62,15.08,11.69,21.52
39.55,283.42,101.74,81.2,36.94,43.07,3.71,15.19,11.89,21.74
39.57,285.85,100.86,80.9,37.25,42.92,3.74,15.01,11.9,21.18
40.03,291.1,102.19,81.49,37.22,43.29,3.8,15.16,11.95,21.14
39.9,299.3,102.43,82.5,37.82,43.9,3.85,15.19,12.1,21
39.53,294.5,102.08,82.48,37.43,43.6,3.84,15.21,12.07,20.77
40.05,296.5,103.97,83.17,38.38,43.43,3.83,15.36,12.29,21
40.18,297.74,103.39,83.66,38.31,43.67,3.84,15.45,12.52,21.29
40.13,300.89,103.4,84.46,38.68,43.99,3.88,15.43,12.41,21.72
40.6,300.1,105.24,84.05,39.04,44.26,3.9,15.56,12.29,21.53
41.24,303.45,106.19,83.93,39.24,43.92,3.87,15.68,12.31,21.38
41.2,304.34,106.45,83.48,40.01,44.09,3.87,15.66,12.28,21.51
41.21,308.5,107.38,84.45,41.32,44.77,3.89,15.74,12.42,21.82
41.08,307.19,106.19,84.52,40.94,44.52,3.9,15.56,12.26,21.87
40.45,310.7,103.18,84.94,40.84,44.91,3.88,15.55,12.32,22.02
40.45,310.7,103.18,84.94,40.84,44.91,3.88,15.55,12.32,22.02
39.1,312.66,99.99,84.02,41.15,44.32,3.86,15.9,12.4,21.79
39.34,316.09,100.43,84.61,41.19,44.88,3.85,16.06,12.49,21.56
39,310.49,99.19,85.44,41.44,45.49,3.86,15.96,12.54,21.89
39.4,312.05,98.77,85.26,41.84,45.21,3.84,15.89,12.63,22.33
38.25,311.41,96.86,84.55,41.82,45.09,3.83,15.83,12.51,22.54
38.31,313.35,97.34,84.31,42.38,45.06,3.82,15.89,12.3,23.17
38.89,315.64,98.43,83.28,42.22,44.93,3.8,16.01,12.39,22.96
39.54,320.62,99.14,84.23,42.55,45.55,3.83,16.28,12.63,23.1
38.77,320.03,98.43,84.8,42.72,45.55,3.79,16.18,12.7,23.17
38.4,322.96,98.31,84.32,43.11,45.74,3.82,16.05,12.67,22.87
38.56,325.73,98.63,84.72,43.2,45.85,3.89,16.1,12.78,23.24
38.4,328.25,97.5,88.18,43.05,45.39,3.82,15.79,12.68,23.67
38.54,330.99,98.01,88.73,42.88,45.61,3.76,15.26,12.68,23.39
38.65,331.19,97.65,90.99,43.14,45.65,3.77,15.05,12.65,23.4
38.47,332.55,97.84,89.46,43.27,45.45,3.72,15.22,13.14,23.78
38.78,331.17,98.31,90.26,43.52,45.25,3.73,15.33,12.95,23.58
38.5,341,98.09,87.83,43.53,46.55,3.75,15.4,12.9,23.94
38.52,338.68,98.14,87.85,43.6,46.94,3.79,15.35,12.95,23.93
38.22,336.4,97.69,88.8,43.45,46.02,3.74,15.36,12.89,24.61
37.09,325.46,95.26,87.99,42.65,44.13,3.71,15.31,12.77,24.68
36.33,324,93.6,86.8,41.85,42.55,3.6,15.08,12.61,24.3
35.55,310.59,91.89,85.35,40.73,42.41,3.5,14.72,12.4,24.4
35.19,317.5,90.41,84.43,40.22,41.86,3.44,14.73,12.17,24.4
33.6,309.44,87.27,81.78,38.8,40.65,3.43,14.42,11.96,24.59
33.35,306.11,86.27,80.47,38.63,40.6,3.43,14.35,11.88,24.24
33.99,313,88.8,79.11,38,40.3,3.5,14.48,11.85,24.58
33.66,306.14,90,77.11,37.04,39.7,3.48,14.42,11.83,25.27
33.42,316.9,88.45,76.75,37.73,40.39,3.55,14.54,12.04,25.12
32.19,314.59,86.25,73.93,38,39.2,3.55,14.07,11.63,24.47
27.55,295.96,80.77,69.15,37.47,37.89,3.48,13.26,10.6,25.2
29.25,308.97,83.61,73.37,37.34,38.91,3.5,13.53,10.98,25.36
28.52,303.81,82.71,68.5,36.05,37.5,3.4,12.59,10.48,24.12
26.33,280.51,77.4,63.11,34.71,35.04,3.12,11.44,9.76,23.18
26.72,313.83,81.08,66.36,37.05,37.85,3.32,11.1,10.33,24.05
25.2,281.34,77.65,59.72,36.32,35.85,3.38,10.2,9.54,25.06
28.21,296.9,83,67.64,39.85,37.96,3.47,10.14,9.86,25.97
27.14,271.4,79.91,63.95,39.6,34.2,3.18,10.34,9.27,26
27.34,283.91,80.52,60.95,39.9,34.89,3.27,11.2,10.07,27
27.01,270.88,82,59.91,37.47,33.28,3.07,11.9,10.24,25.8
27.03,282.24,78.71,54.26,36.45,31.02,3.09,11.77,10.08,26.3
28.4,285.35,79.55,57,36.18,31.68,3.16,11.9,9.91,29.79
31.3,284.36,83.82,62.4,36.42,33.41,3.16,12.44,10.41,27.36
30.67,301.99,88.13,61.8,36.73,34.77,3.16,12.64,10.25,27.52
29.03,279.12,85.78,57.66,34.8,32.25,3.04,12.54,10.31,27.27
30.2,312.68,87.54,63.95,38.14,35.89,3.25,13,10.61,30.23
28.98,296.68,84.57,61.82,35.1,34.27,3.07,13.04,10.56,28.84
30.23,307,88.4,63.67,36.01,35.68,3.2,13.51,11.19,29.78
29.85,308.27,87.4,61.24,35.77,35.89,3.16,13.35,11.57,29.6
